filename,label
0812e8ec6a5948949174b89f84aff091_rgb.png,not_empty
0055dfd5817d494382365b5cc13cf8fc.png,not_empty
0089eb57758143218e47228926d260af.png,not_empty
00df1e35dcf8422d8d3983d307821ba7.png,not_empty
0137e78253af47298285cc44b70fd905.png,not_empty
01bae639d58648a887fffd58973cfef2.png,not_empty
01bb395059734e6c99c47906378dc2d2.png,not_empty
01f3f446b6664b2c8de5feb1ff284fff.png,empty
01f46891202941eb97940844e52f1ba5.png,empty
01f47128692b446f85dda1acf911b8f4.png,not_empty
021a8450532548b7ab5f317d2b7125f7.png,not_empty
021b3732c1ee42d2ac760d75e24909ae.png,empty
0261629e5d1645f0acd08c2da38e0928.png,empty
02813d0032344b0f9d9000b23f99f014.png,not_empty
033fc1e176dc4936af1e3a1c2920137e.png,not_empty
039191f3a74a4631bd39dd9e4c77412b.png,not_empty
0470df8c5eec4d2786f682e54141823e.png,empty
0493eb9e4c784ca085087f5d08d5f01f.png,empty
04ca3d105cfb49a1a11a742ca883d20a.png,empty
04d63d62b012403ebb9a152aec83342d.png,not_empty
04e38ceb6b0c435296217e6b20dc79c4.png,not_empty
04eb0fbdddb84973aedf3e501fc93e03.png,empty
05c36e41e33b4a61b443c3a83a7a4139.png,empty
05cc626b447c4224b956bb291bd1c150.png,empty
05d9990eaa6143f9ac5cfc088d97ef1c.png,not_empty
05daefcef4ff4322a4d8db5b66352883.png,empty
067c696d1485479ca0027d230f591003.png,not_empty
067f9554e0414530becc363f03ed70f0.png,not_empty
0688d6b64b954bd2b924fedd07ded261.png,not_empty
06cf3651ef1641a8a90fcf7ea7846f7c.png,not_empty
06edac7b42ad4bdda95ace4e01c5c2b5.png,not_empty
06f46d715d204175b1929bc01d79406b.png,not_empty
06faa467882c47b09c9029c3c79a6f1c.png,not_empty
07a2abe2409148f280352a6e9070d0ab.png,not_empty
07fa8f2a042d4e77b0302701769a06c1.png,not_empty
081ee7eba842489ba7f679f6a909e43e.png,empty
0841881a61954d538007368748602702.png,not_empty
0847cf4808d1443d8060daff73fb3113.png,not_empty
086660ee0cee4c1fb4c3fd3e4931e9f3.png,empty
088b3f674e924089b88748289a851e0f.png,not_empty
088d3f411a544882ba54c8d85392f47f.png,not_empty
0890c7b17a5646159c0578a814bd9de0.png,empty
091026ac61af41739ff761394ac36a1f.png,not_empty
0914ccad4bdc4bc2b98226448772c73a.png,not_empty
0931a202cb42402e9340ad159958b5f6.png,empty
0944b84f4d184136b797ce257fb91e98.png,empty
09771f135e6744e9bd482b59aa0626aa.png,not_empty
09ed5586954849be863c16318a62c361.png,not_empty
09fbb2e1d38c42999f309543ca90023d.png,empty
0a99f6ff315f4cd5b23de8935746a42e.png,not_empty
0ad30dbe0fd44c11999c849aaa59d6b1.png,not_empty
0b6312e000694baa98536e9a3d4cf4c3.png,empty
0ba7271ef0de4b2e968704cbfa56fd5d.png,not_empty
0bad57fc9fae47f3bf8721287f2c21ca.png,not_empty
0bdd056fcf8a4935952194317f8a5a9d.png,empty
0c17ff0adc48412b8991b48abcbec420.png,empty
0c1dd99a834e489581f7bb3a9fe7a3f1.png,empty
0c468692080c4629a8ee20efe13989bb.png,not_empty
0c4e9e38287d4b9882f977de35677e98.png,not_empty
0c64cf0a5f234b50afaf3d7ab4f15967.png,not_empty
0c6c225b463644839a9e0405246f9f6d.png,not_empty
0c88196a5e884e8187040b6bd29647bf.png,not_empty
0cc9cab1f3dc476093ea98cd8abc1a97.png,not_empty
0cdf8fc218bd49d998aee16982fc2dbe.png,not_empty
0d427dd3473a451ab63941b49cab0632.png,not_empty
0d5dc697bacc49058e7dd51d67c0fbdd.png,empty
0d75d563495342eb804fa734c617a2ab.png,empty
0da841aad62f4b298bae0e17c729b707.png,not_empty
0e0b0640dc0d4f428037156bf1b6879e.png,not_empty
0e235840117640389e160c5d524c9e4e.png,not_empty
0e46aa546d6848e6a408c810d7854869.png,not_empty
0fa3297e29a74eaab7e46715fdf3669f.png,empty
0fdc56053c1e4ba6a7d7375b073f9dbc.png,not_empty
103b754c6c704ada9a3f3dddbd7a3f1d.png,empty
1091c146e21042579f5707c1e8aee1d0.png,not_empty
10b02376ef4045eeb623510a697d98cc.png,empty
10b0b2f8349646dab34983d422ecfdb5.png,not_empty
10b1575a9f624b4eb314e4e4b1289a46.png,empty
1117f40fbd5f478b83dc23ba7f4e2243.png,empty
112b4ab7b8864d97bba60b9c2c4a11fd.png,not_empty
113e8fe0a4c143a6bdacab4191672884.png,not_empty
117854f83bab4cdf986451b2a2a5822e.png,empty
11fc72163d48409fb93bcbbf2104bae0.png,empty
1233c056b1fc4f7f8616e0080b134ede.png,not_empty
12500f1f4b804c27b4d3b75553688420.png,not_empty
129be73008ce4ffeb917f10e9c5b15ab.png,not_empty
12b11372788e4c8f9d339d2dbf918418.png,empty
130db2b60c484bbdb0779e34f46be0ff.png,not_empty
1313d2474a9747f99f663202331082bb.png,empty
134e5042d4414a2cb219da9722e44239.png,not_empty
13f36045d3ef4027ab02c1d6026df093.png,not_empty
1404e6fa819b4970b3d7b3024f41eebb.png,empty
1422faf32b37480998831adfbcf3ae38.png,not_empty
14676328ecae48e3888577a0e45a7df2.png,not_empty
146f9e1321d042d9ab036456b8e1e4b8.png,not_empty
1479f03fbf14412a88cbe1f522083d98.png,not_empty
14923bd0875a4825b04cfa4b3070d17a.png,not_empty
14d6de0dfc3d400b88bec06f1f249286.png,not_empty
153765db69534e6caa77b81097600b10.png,not_empty
155c6ac6b5914491b8f86e883743bb86.png,not_empty
157cf011889b4f69a3e0ba8ea8b42354.png,not_empty
15bf8e7cbab045d5a8f74ca07271c165.png,not_empty
162be355ad4c47378c92923e4cd45f54.png,not_empty
163f041bee3b43d2a0668532993fc9da.png,empty
175efbfb571e41abb40e59344f886919.png,empty
176f7f899a0b4838bf54e74f0a611a70.png,not_empty
18a0c0f8cf6a48c58fad80fe583576b9.png,empty
18ddaf78f63b473f9d81c8f19c8e98fb.png,not_empty
19c3f3efee324fc484b942534d64d5b5.png,not_empty
19cd4fc889d646d3b0fdac5ff559e9d2.png,empty
19e787d7343d49c89cb6959ba47ebb25.png,not_empty
1a12ab5d26084dbbaa96e5afb248bf61.png,not_empty
1a447b3df2d24bf19a120a2f18f6cfca.png,not_empty
1a84c4b2c55f4e809ade0a772a746c1d.png,not_empty
1ad1c42232ed49cea2f9ac71bff606bf.png,not_empty
1b0d0157772345e9ae70287c8d18f1d4.png,empty
1b20e6d6c874439faa77da181a207028.png,empty
1bd515814d3c44cca7010b85dafaaddf.png,not_empty
1c1a5547f0cf4bd485932f3c2f980324.png,not_empty
1c1e8d9eca294240935568f8951645b6.png,not_empty
1c3c7db83d0c4f71a2e8b58e19a5fd7e.png,not_empty
1ca926c77dd64524aec8bb2f260167ae.png,empty
1cc381c73a874b478ac485d8d9859008.png,not_empty
1ce007b1cd6d4a488298778077e3f94d.png,empty
1d00830e8aa04fcbaeec976ad925b6a2.png,empty
1d6ff713860040b9a7cbd1ba3962b45e.png,not_empty
1dbb3328bb65499c80d0f529200a3c93.png,not_empty
1e4faf07113149dfa588dc4b5aa39291.png,empty
1e587abe28fb4f1283be073a88db8c46.png,not_empty
1e6a5256a8a14d82bb9e6daef5293337.png,empty
1ecbb2c3b11e4354b04258990c80ff12.png,not_empty
1f45dd9063f345aba8734108ee9840ed.png,not_empty
1f60fc940b104468b29e0b5675c24250.png,not_empty
1f6c779420934ce395fab2a6c493ec14.png,not_empty
1fc7a961a5c44978863fb68b4c436c8c.png,not_empty
1ff88c8f73f44516a32c14550dcda666.png,not_empty
202fbf2f235b4910b6972c8270702c0b.png,empty
212ed65290a04207963956a7831cad19.png,not_empty
21aebf95ed0a4df6b4d5837ba9772bac.png,empty
21c540d5563f4b8d8e2dfdbf26df07bd.png,not_empty
23116accba8c499cabd2ce324f55cdb1.png,empty
23430d5b302f4f97a3aa3d040199418b.png,not_empty
23c15cef61dd420f83a5ad226f4e5a42.png,not_empty
240c0caacf5a4b428e9c0261664c11ff.png,empty
24ed26ef95c04de7b2e57cc83d043d19.png,not_empty
250027c1953841669007e8c968e7028f.png,empty
25361ffdfc634dd196da1a4abc9598a0.png,empty
2558e436112d4a439bd8a2b1120fa948.png,not_empty
257616bac5fa4a32aa24bffd75947a0e.png,not_empty
25a3682afb3d4ecea4378d212024cbff.png,empty
25d994a0060e40b389bb53d6d2f49de8.png,not_empty
26acfd04662d4421b25e30b383db02c6.png,empty
26f7282aeed94c7693c51295c274919c.png,empty
277d040acc3942fe90872a2037d8863b.png,not_empty
277d1f6f8f254b8c8c8dbc85cb819e7f.png,not_empty
279f5a47fa404b718cbbf2b8f161247e.png,not_empty
27c663d0d15b4047bb6f3defe99a5539.png,empty
2828e1ca06f741cb8e3b4391a3a233bb.png,empty
282ca8125abc43a1991e62db7e051aeb.png,not_empty
283fec6850604e2e88a71d8b2c54a1d0.png,not_empty
28fa8080ab4743368a8ccfd10e3db362.png,not_empty
293cfc31532246329165653cbd62de26.png,not_empty
29509a97f30c4ac6b947856a2f59055a.png,not_empty
2983eac8285b4dd1a9a8d62ec3030504.png,not_empty
299beff49db349ba9b8577f50edaeea8.png,not_empty
2a0d29e1085049ea87fd28fc0a0759af.png,empty
2a34997e18814938b0568d7d3d9af2d5.png,not_empty
2a368fd9ba25435a92dcaffea1d5e779.png,empty
2a68d9f84d7e4c3aa7ffba5a62824080.png,not_empty
2a8d723b55f148b59b0a7b7bd5454031.png,not_empty
2a94c954f3b742c09cdfd23a25af2b9b.png,empty
2abef673822b4948b236118508a8d536.png,not_empty
2acd5960f1694a5697dc577fcae212b0.png,not_empty
2adb1135c97646eba11647e1b081f44e.png,not_empty
2b58780b284049998a1cda9fe76c2447.png,empty
2b887e1732da4690a26370df20f51d5f.png,not_empty
2bc1c010c2f9478eb2c27159be4caede.png,not_empty
2c3714fa30b94705964f7341d80b6e1b.png,not_empty
2c5d58e3f2f64bf9bce17b5cb4fbe537.png,not_empty
2cd0e6971ac045078bc58c112447370e.png,empty
2d888ca500d443f2ae4a10a266583f9a.png,empty
2d906f35352b4f5b82c9f8a99fdb6665.png,empty
2dcba2d61a8447c18c1e607e34d5fc65.png,empty
2de1198a5d644ec7a56186b5b0ed40d8.png,empty
2e33ee7fb11c432696fccb7d405ca09e.png,not_empty
2e611761d6ce4ec2982ded3ae10bacff.png,not_empty
2e8d0480fe9044db8cf0ac9fd0c728f0.png,not_empty
2ea8ab176d89482693f7893922c151a9.png,empty
2f012e2ad4e9457d8ddcf169dacda925.png,empty
2f02739716734bdb8e774d5ff17459fa.png,not_empty
2f678ffa57d0448c8b258a49e8ecdcee.png,not_empty
2fc098bf34a14923a556a473ca9b9731.png,not_empty
3039b92db2184d1bb9fa301a8ac41fef.png,empty
30671808362748d98a281fa129fbce34.png,not_empty
30d77f97721e4243a49ff8042ec0ce2b.png,not_empty
31874e4cd1d24a91a0e5d5f29fe2e96d.png,not_empty
31b4c32afe3742da9d5596b6a8700b13.png,not_empty
31fec072292146bfb5fb606279278cf0.png,not_empty
3216a855e14b4eb19b84870ca7438513.png,empty
323a76bd159b4fb6b39430c38a1ac52d.png,not_empty
3264f077f37f48c28a685c5a88534263.png,not_empty
331aada25b5640708cb0fc42a8205294.png,empty
3334d56b296542bd930e9eb52179e1b2.png,empty
33a45674e4b7450082cb9e8c0125f7f1.png,not_empty
345bb5b6173b493c80308a95714f1757.png,not_empty
34883beeb2fa4e168b53c25bbbe1d41b.png,not_empty
34927a142e1d4446818a8eb1871957cf.png,empty
34dc5536d32e493abe50a64ee81f806f.png,empty
3524c9354ac241149f929581e16ff10f.png,empty
353d97f502f04a2297b87b748721889f.png,empty
35f7d147fa1945b6a3e8e026945642f1.png,not_empty
362b1957cbde4a22a00665cf9da800a6.png,not_empty
36ab2af7615149da900ba77f542c867d.png,empty
36c2698cbc9441b7a4da1294c986dbcf.png,empty
37823959fcd643729e05ac68b09d3420.png,not_empty
37b7091ad6db4e5fae77d0433998b9f0.png,not_empty
381e592e32a24e2683e42878fe0f92b8.png,not_empty
383e6a99ea724ebfaef4c1d42e25397a.png,not_empty
3856152e05814927bd8ccc67f07e3625.png,not_empty
385696fce50a4110a03da62c16198e92.png,not_empty
3866cf585e4743c6aff16de03fdb71c2.png,not_empty
38736ebdf294479485c025e637992360.png,empty
3923f2c7f0574fdf88159b04154c019e.png,empty
395605a636da4272b5a909cad3bdb958.png,not_empty
3984f98ab8a6425cbdbccfd6b8ad598e.png,not_empty
39c3774c7e2a4e6fa21453331a0cb409.png,empty
3a6892e18aa44de2af87031927947b19.png,empty
3a875395a4b543299573093cf051e927.png,not_empty
3aa9c538ad374eb7a2ee9187c62c9044.png,empty
3b5084cf78c54794ac44fc09d0c2b41d.png,empty
3b596a91b48e467086aa4f49c23a3caa.png,not_empty
3b7d5eb06d7a4b4688a7a1f8407ab844.png,not_empty
3bb5dca2409e4e319f13989079099209.png,not_empty
3bd89f2aada649a1989bc92ff845dc0f.png,empty
3c1f41ab23374b0a801e7af8eb08cb0f.png,not_empty
3c5b6dd8ce4a442d9cc72efa837061e0.png,not_empty
3c9717cbee124dc981f237326684793c.png,not_empty
3cab7a1494bf40ac85c81a3b21ab0a89.png,not_empty
3cb49e18c76c4bb7bc790ac7320366ce.png,not_empty
3cc486bbc0b74fffae3397fe88e17b70.png,empty
3d2f51006e334fa29a61f7e12f290428.png,empty
3d43b8d66119490797661570a6a8113f.png,not_empty
3db1c23ea5bc4e76b9f3af3b78ffaa70.png,empty
3e84582682f6489fb590146e0aaf5e25.png,not_empty
3eb2baf91c2545788ed21c41c8a2bcda.png,not_empty
3ecf730cbc5b415b8321c38c821ddb80.png,not_empty
3ed37640a5ab41e88a84769709464d4d.png,empty
3ef2347571c9413fb47a3c08abb2240a.png,not_empty
3fdbd8b87f57451480bfa05d0010c879.png,not_empty
3fdd11dfd04948fe96b3d3414d0cd7b5.png,not_empty
4039f4c621c1450f9265067eac750403.png,not_empty
404f9d25030e40739b0de92b675b6a53.png,not_empty
4064619fa1ea4183a2d6eedebfcf67ca.png,not_empty
40d43f2541664724aae3cae81a276904.png,not_empty
40d8f071fe2649ceb1f453844630ddaa.png,not_empty
40e33aaa461a411eb6869dfd7bab76c1.png,empty
41d062cda2cc4751bc8ef54230247180.png,empty
422b587dde244fd9808cb77a8ee15d2e.png,not_empty
434c51d989474bbb9816b2cea7a15058.png,not_empty
439445ae7b524362988ede2ec0514c5d.png,empty
441085a1adec43e1b7aedd08528ab804.png,not_empty
444fecf9026c4422b26175e36455eca2.png,empty
445e11d934f64c5fbcd049f2b4b618a0.png,not_empty
449f58a776cf4913b4f01b25e6d490b1.png,empty
44ba194ccd8d485f9c9bc4d6f67a9869.png,not_empty
44cd022576e24f1ab70ca13fb7e1348d.png,empty
451eb94c33654f699928b7fd57044b6d.png,not_empty
454ca9b8fb504189b79a9d7567897703.png,not_empty
455cdc033b064ede9ccca7fc7f298bdc.png,empty
45601559b5b749cd9aec6aa462f5b1be.png,not_empty
45eadbad232f4180bd444fadabe2361f.png,not_empty
4637b1a548ef4f71a2f22656edb0a49c.png,empty
46bd9dd8b95c4987880c6327c5a78fb1.png,not_empty
46ca7163dfc5416385dd928c7ca1fed8.png,not_empty
471578018df5479e8a203f08047b70f8.png,not_empty
47577f409dec4b8688a08e859b0ca214.png,empty
480725936a2e4eecb7d9175829cb3e7c.png,not_empty
481d0798a89146e8ba7ce6635f34099f.png,not_empty
49166e0c21b84aba953f356a58566b06.png,not_empty
499c937b83d34545a00e3b6148330b89.png,not_empty
49b6b54995f547c7baf016b7240a4b18.png,not_empty
4a29a69a18304d56b0907e3d4221c4c4.png,not_empty
4a3aa94dd5854c7192bb8ca6b2bb3396.png,empty
4a9532004a7e483ead8454421e916948.png,not_empty
4adc770e159942af8024314b1919b62c.png,not_empty
4ae41ee41a9f43d8b78e95c1464d236b.png,empty
4aeef245213446b8ab2a2415c1e821d3.png,not_empty
4afd5ecd5f8e415999931e2c87f4a920.png,not_empty
4b58c63afdc146cd8f85d283e945c53e.png,not_empty
4b65135245764ff887a7986b565b73e4.png,not_empty
4b9940a5c7fc40548c32e5c270e37b18.png,not_empty
4bbe6af55a7043f5b328ead1a3567f9b.png,not_empty
4bfb29a816214939968ad42d27575bc4.png,empty
4c4de4aea89e496a9680ad409d071938.png,not_empty
4ce339ceeac243c38b0897cfa5100950.png,not_empty
4d3c7f05b59e4e2ea4ac9672326d22ba.png,not_empty
4d507176b6df4df19e8f3cc2f9052a27.png,empty
4e381baa5a874cf79e914889530acdc4.png,not_empty
4e53270b024940b3869def8a41ab15df.png,not_empty
4e53a8cddad54bfaad044d01bc28f2a1.png,empty
4e64b2c9d414425cb6df87b0eee8e52e.png,empty
4e92048128c0433788cb30f5bb4310a9.png,empty
4e9c610e221e4a0ab3c04c7a434fa669.png,empty
4ea06c5eb0b444ed8cc36f3e6eb5438c.png,not_empty
4ed9b237e6f5445c953d9dc2088cfc78.png,not_empty
4edfc44b88954055838cf8f74e2c1d17.png,empty
4f01b69e8f9b48de97ceafc61de73cd9.png,empty
4f04ce0ec3404615864edbe875b2371b.png,not_empty
4f38d27874b84a1c89c71e2bc7fa6c35.png,empty
4f58d9825f764a3d9250e229831099da.png,not_empty
4f9f8f4ecf0646adaf904f981a33e2d1.png,not_empty
4fe6bf1101eb4f33b70051cff8f75d55.png,not_empty
50436861b0444a44888aad81314a5825.png,not_empty
509dc04fc3ee4203b599d360e6531eba.png,not_empty
50a6a606a74a4ea49633b36094b2d196.png,not_empty
50df1f4a7f304314b8a1de8162a8f648.png,not_empty
51a52a17ed57470885e8bc4f26dd7592.png,empty
51b3d1e9468f4353a9b44759e98c1d9d.png,not_empty
51e513bcd13d43f5b3af2b6f2e18b296.png,not_empty
520e3217cd484c6393cf650799631c80.png,empty
5228380a7cde4bb5ab97a32a3776a93e.png,not_empty
5276bcec396e47869b70b42f4e176d5e.png,not_empty
528f95dd970d429cb2aaae5a5c826456.png,empty
5305b229bf604f1dbe3f33f5c7c97609.png,empty
53566b6b05224d5bb6b266aba6218b20.png,not_empty
539eb149409c4565ba586171662faba8.png,not_empty
541899ff80d84e09ac49e6fa0b31afb6.png,not_empty
54a53b8efa5b4fa996f14207b160e637.png,not_empty
551144bbb55645ac8bd705d1e18bde34.png,empty
552d2952f6e7458f835c15f4886e4e50.png,not_empty
554cd6b48400415d82e9dd3c667bc5d9.png,not_empty
55619100a57e49dd8fe3cb72cd828cdd.png,not_empty
5590eaf177744f9cbc1f6ef04953916d.png,not_empty
55fce5feb3bb48fa84e21185595c26df.png,empty
563105ea92c04ba4a6239a1cab35dfc2.png,not_empty
5652f41249bc469893dfcf4ae950d696.png,not_empty
56ba214d36914cad9c0ce766904d0fa3.png,not_empty
56bfaf2c602b413488f7d609cd027958.png,empty
573d0c62ba4a48579e4ad6128f78551c.png,not_empty
57a92e1f36244a1fa171bad67d3b7083.png,not_empty
57be6ec1e227443fba7ccae266edddc9.png,not_empty
5808e0744f484e9f999e12f080f036a1.png,not_empty
5811828a5f434149a30e24cd07ff333e.png,empty
58569c2110774807ae8ded378922a449.png,not_empty
58ad8225122643a8887b98ffd97c236e.png,not_empty
58b8bf9ab17c4a3abf46311c26c86482.png,not_empty
58d3153eee4c416f9d7912cb752160c8.png,not_empty
592c39612cfe4b63a9c040804f8975db.png,empty
59aa4d00abee4595b48779040b715558.png,not_empty
59ad2f49b83a47cba77b69d52b1a21de.png,not_empty
59cecead0f824651aac411ca8736dd92.png,not_empty
59fa3519da6c4fa2aad496acf17dd03e.png,not_empty
5a68a4400d6b4856afd91c62af6020ce.png,not_empty
5a9c5ac697ea409eaa347d264ec97b6c.png,not_empty
5c0922afd20548a29dedc09b6aafff63.png,empty
5c39a1f5a4de445db70743fb9805fba3.png,not_empty
5cb449ae59934996aafd3c90d14fbff5.png,not_empty
5cd024ffb3db4644bf9301dfd90d210a.png,not_empty
5ce2ef7fe11c4848992f3eaaea8595ef.png,not_empty
5d1b6a9ff6a34e078baf911b2e284607.png,empty
5e55f394ce1d468c87a293de50ec01ec.png,not_empty
5e8fc45e149841aa809641b74ad36498.png,not_empty
5e9e93c43a7a410796d10e7342dd16c7.png,empty
5f402fc6f235462fa2776aea0304599d.png,empty
5f5107ec43724e0e9efa8f723d7bc5f7.png,not_empty
5f9ed8c48d7d4d0b833ac566d7bad71c.png,empty
60299ec2320f4a679280722d00a7cfda.png,not_empty
604bf559e2a64c5a895491de2b0c45f5.png,not_empty
606a58680d2b4fb998671ebd35d0c18d.png,empty
607317006469413bba9af660cefa7660.png,not_empty
61673fde2ddf48c5ac5ccd60a2ab19ff.png,empty
61aad159585e45ecbebd514ffa4587a3.png,not_empty
61b4a1110fa34a8dbc454f535870f5e5.png,not_empty
61d78290354548f8a8df7380e5a2f322.png,not_empty
621fa69cc7ec4b8497d64d2d46235f9c.png,empty
626bc3c5b12245d78d9680e0b229eee8.png,empty
62fb8ef7101544a99baa9b22fb7b6c8c.png,not_empty
632bde6d568e4f55b7ded591cb0613cd.png,not_empty
63baa6a58a234744be6d168252fa84d2.png,not_empty
6418de5a50bd4de682f6c546cbc16140.png,empty
64840c4ba737476b9478e0a277c60a51.png,not_empty
64b4e4bfe56e4150b8c4f25ff669a5ee.png,not_empty
64fba578d1604e14a51fcb29fdedc12b.png,empty
6570336cd8274fe9bb05e645f22137d4.png,not_empty
658167924a564c17b1e2ea933fdc57c2.png,empty
65ca50e14fcc400980df1dfa7481ca48.png,not_empty
65d8962aa0ed413ab9f060c0fc952173.png,empty
666d21012f164152a4e047856fa29c95.png,not_empty
66a51ca01c404456bf21af309d43cc12.png,not_empty
66cafe07c6584cb99f4b6a780d084f25.png,not_empty
67120332ff004dfc91995702a8a74e2b.png,empty
67313afc14094cf08f494714ca58f85b.png,not_empty
678eebf841e049bcb161258e1e3fe45d.png,not_empty
67eb4f668b86458f94dcdaf976ac32a5.png,not_empty
6852dddb54e8478ab27ee2812ef3c2cd.png,empty
68637ef5bdf14f6bb3bd97ac4f4dfbc1.png,not_empty
687765e2767e4671a9b00670f9e2a1ad.png,not_empty
68e3752636db401f9a981032d89187c1.png,not_empty
68f357d2a34b4caea9777528399138e5.png,not_empty
6a00d384b917438385322b9f11a5e4df.png,empty
6a74c2c3e6be45ba87f4d7e3643b916c.png,not_empty
6a95536081e840509380321ee8b8b058.png,not_empty
6ab9d0f311344ef79022defb34179a54.png,empty
6acfde8c6eb9458c9c436bd3166da7cc.png,not_empty
6adad25b8cc34b7f969be27bb338a5dd.png,not_empty
6b6152b15d9745968c58e069d3f16abc.png,empty
6ba5a36d22684648aa574cf31eb110c4.png,not_empty
6bb6103948584d94a3af0f9f7b0ac858.png,empty
6bda7744f8ff428ca8a67e09f6747196.png,not_empty
6be2f0a0f8da4026b7e50bec45506836.png,not_empty
6c44f5802808465c9e2aebaa69b08f5c.png,empty
6c6a3a873c614a34a301f34961d64571.png,not_empty
6c7f6423857040749eb1844ec01761dd.png,not_empty
6c873c36d7d84445922bae4e66290092.png,not_empty
6c8db83271d0427fb4dc43c265289cd4.png,not_empty
6ca50156c0924a42a6daabb7b0d61cfe.png,empty
6cda557f03074cb981870f93711779c3.png,not_empty
6cde156fb95b41318f3d79b25fa2dfd7.png,not_empty
6db8963e21f142e3a44e05135c43fc80.png,not_empty
6e2fb3dfdcb2497fa4a2512c3a9d7765.png,not_empty
6e7439444c3c404c996543bb89feb4b7.png,not_empty
6e9c685d36b642f1b13ef9bd796a223a.png,not_empty
6ed6d1af3a9243c5935f59334a0e9b13.png,not_empty
6f83fe6c607e4e0ab62351d6c0754408.png,empty
6f842c2e14854545946545af253f0e0e.png,not_empty
70341b3374dd469697d3347ba40a3a64.png,not_empty
707b31fa3d484f229934fa1c9424fed1.png,not_empty
7081fa81bc1443f0bececb3591055b7f.png,empty
708deec158db4406a489bce7df59982b.png,not_empty
71272f984534402887b97ff3dcacc994.png,not_empty
721373d41c114b2baa745451cd9b320f.png,not_empty
72de146abd374992aa87f554e6d6fe60.png,empty
72e2dd180dfb4083aa25df6d95f63858.png,empty
73326da23660402bb76335ed9c4c4b35.png,not_empty
73819c7c46034b8c8c15923e5a8865ab.png,not_empty
73a0d9310d2243659ce9f4c22a58e709.png,not_empty
7408165ca28a485f859de0917a456962.png,not_empty
743123464d894afc9100ef734bfdae4f.png,not_empty
74390ecd04aa4f1bb7de2b454324fc26.png,not_empty
74be3a9f6d31439896a711dfc8ca4c79.png,not_empty
750f2c23f36a4a948be8b32e44ecb8f8.png,not_empty
756c409be1d241ed9c7cfcbdb4cb4244.png,not_empty
7577967ce3f348abae2dd423989694fc.png,empty
75d430553d38421081fc0a02fdd27120.png,empty
766b067582d74829b92a73525d652c51.png,not_empty
768c8c1d60294bb8b40e7a9e4190f961.png,not_empty
76aece13643e43a0824f62627264b578.png,empty
76cd6795f0f3412f81f892e13364255d.png,not_empty
76d09649fb924ac0ad6dc9720fed5509.png,empty
7745169fe0444a898c56393241abea33.png,not_empty
777aab45517247b580faf509b1162b6b.png,not_empty
784d61c80c4341fe8429c180aeefdc07.png,not_empty
78c253decf384e9ab0d3fbf4b4bf3cbc.png,empty
78ff6004c40e4138812c42ef6361518b.png,not_empty
7942d9650a18424292949e5d8a58ac7b.png,not_empty
7a0c687a59dd48759f1b94ed7e2c3276.png,not_empty
7a4f870d8be94cefa31ab4a2c886a081.png,not_empty
7b368419c7bd49fba5fb34b9eb6925fd.png,not_empty
7ba1e3561e264637b7a5f418bccd4554.png,empty
7c3605a216b442589c83d11ee807de5c.png,empty
7da4a40977504d2f8bc635867df3fa19.png,not_empty
7dd53acd09784c9c8846c321a9a9744f.png,empty
7eb86133e20948bcbb61c2107b1ab157.png,not_empty
7f0074b6e4ed45d3a24cad6484647c36.png,not_empty
7f0c0029d8594d7b9cafb99b76db26f6.png,empty
7f1f1ec3ce664ff2a126e02b79fa77fa.png,not_empty
808e7b7c092c4d558450c89eb5984b8e.png,not_empty
8096694ffb324fd1a59cebea937301bc.png,empty
80ba28b8408c44d79f8af7b4901fa13c.png,not_empty
80c8b11dc22d4409961cdf55be4b4582.png,not_empty
811561aec87b4c2d962266af6491b692.png,not_empty
813d013d26a84d7a8b920a6d8c4b65d9.png,empty
819654d32373468498f70648363696f5.png,empty
81a9f666f33b4df3a404061ac4297ad7.png,not_empty
82786b5a29d44a019916f9222958d6f7.png,not_empty
829bf1b234394b229c67b383bf348bce.png,empty
830c53b8b2ca4914a97500bace09e485.png,not_empty
83bd17e70a1b4de6af142c3bad7e92c6.png,empty
83db7e7bc3744713ba52af7e13a16f5f.png,not_empty
83f1b7868b6140ba86109b0eff985441.png,not_empty
8430c66d60c9402e88891be140fc99cf.png,not_empty
8434b9f776b34a30b1d13ddb7697ab7a.png,not_empty
84e75fb5face4a9d8fe84259b474cb2c.png,not_empty
85e4770ef10a496f9db104d57cc22503.png,not_empty
85f902f4ac8e4907ad5804d5ace56d7b.png,not_empty
85f9aa4c0478488e8eb3cf444c085b9c.png,not_empty
8611222b6cc3495cba81ad3802ab5815.png,not_empty
8627bd7a900b4c7ab79e5ff5265c0d06.png,empty
863ce0f2e14d470e9e5381af5a16c0d9.png,not_empty
86962d90fa7d4d7193fd160a4773a6b6.png,not_empty
8762156943a5469ba0d4714f551a1337.png,not_empty
8776bbca64c442409c65709bf74d51ea.png,empty
8792884c70784e23b9ee71cef025f408.png,empty
87a0e66028fb4c829fa6bc2a626aa696.png,empty
87ebc4b723144645a0507f0039bdfb4b.png,not_empty
88cce307b79d4a2eb06ede4add535fbe.png,empty
8a3b8c1b34fe4b0881102bec7fa6ab49.png,empty
8a77bc1683a6404a828c1c5664dfc98d.png,empty
8ab264a7a5e74b05bcfd09102898132d.png,not_empty
8b16d5ef7d134e19afdb3d0fbf8a7bfc.png,empty
8b17612602f8491898d227b3db6bb2e7.png,empty
8b9db38e517a410c8c1afe1c40a1c532.png,not_empty
8ba92e9b36fb4d51aac56505f24841af.png,not_empty
8bc1f325824d4f23a91a21d97a841191.png,empty
8c74d967af914b0e8fc2425d287d4b31.png,empty
8c852f06b8974355af76e4add41a3fb8.png,not_empty
8c950bcfef4c4e59a7d560c1f055be82.png,not_empty
8d378665266046f6ba72c9f481aca63c.png,empty
8d3936c5796744618d44d1db9b7d3227.png,not_empty
8d964611ac6a460cb949677077093f93.png,not_empty
8e674f7bff974795a51a8cbd64063793.png,not_empty
8eb27208925e43949d97f126e952e70f.png,not_empty
8efa0bf46e9b48e3803c1b61ba842878.png,empty
8f22b059f6644d1eadcce07925e02458.png,not_empty
8f3b2feb7adb410d85ce38ec30188622.png,not_empty
8f5c25ffc88a411f98e322a1a60bfa08.png,not_empty
8f823ff099f0456485d14f0736a4c3df.png,not_empty
8f877c1baf8744c3969ff29806e26819.png,empty
9025188ca268458cbb71de5093d58ecc.png,not_empty
903dc6d35d67435f959b35224c12b273.png,not_empty
908e0692fd7c43cbbea265d873e1891b.png,not_empty
90fe85599dc34d4b962a6f7cf919bd3d.png,not_empty
9156d7f1fca74bacb2bdeac42972320a.png,empty
916beabff13c4385bb15ea8e2f4138ad.png,not_empty
91701201191b43ba958bafbf3d74a5ca.png,not_empty
917696c593c74277907c2cca8dff9575.png,not_empty
91ec0eb64f794103af3927177f3c696c.png,not_empty
920bd77ff33c410abfbe908b837fba6f.png,not_empty
9256e780b6b34b4484aba412739b6b17.png,not_empty
928410ec14464b82b374499f95dce889.png,empty
92bc5ca3700a43cf813c001d35d5ab92.png,not_empty
92cca034541241acbe38bcecb468178c.png,not_empty
9385db13b0574500b7be146c3900a956.png,empty
940846f21ea14ad0a7d917960a3e6111.png,not_empty
94118b78148848f4839c4e82b03d4ec7.png,not_empty
9466471e594b4bfab0706a6fb0cc7b3b.png,not_empty
9473d120dd974e4498034e1b86cfbabd.png,not_empty
94ced8b2ce4141f38ffe2334cd97ee40.png,empty
95f3a92c4b4b4063b853fc0c29c32307.png,empty
9662695571c3427ba6ce4ed59ee164aa.png,empty
96973a9650be4d95b77564f4b2b82ba3.png,not_empty
96e8a897698a4c4f92d8bbc0ee6293d9.png,not_empty
979cea9be2bc4deaa1547425096ed11b.png,not_empty
97b240e89db040bcb2a93ac17f0dcc99.png,not_empty
97c92765c8ca411f84f72642f89e2a6c.png,not_empty
986cb2f9e97e4b9ab0598fb7b0145143.png,empty
9886cb0b542a4bf289b59cc5edbc0123.png,empty
98b3dbe69e3c41f994073e9d98e07eee.png,not_empty
99313d9516bd4ef5bb6a7b9158791c6d.png,empty
993267a8b41a49a1814e83a9aeec2b99.png,not_empty
994b8becb4e84fe5951b3fa17b1fbeae.png,not_empty
9972e8c4d21a41d4ba14a925d021a956.png,empty
9a6565136cf146f6afbfbbb0a288b55c.png,empty
9a87714e56064d26bf2eb23cc50509d2.png,not_empty
9aa9a7eb40954dd69e266093d60bc612.png,not_empty
9b101a83098548efbbe84b86680b1e29.png,empty
9b234d30b76c46f0951c1a7769d505a4.png,empty
9b4339e0802d44f997044c1650030d9a.png,not_empty
9b4f4998bca54cb7a37f8683441cb822.png,not_empty
9b8506a775bc41f28117ca48279b5e40.png,empty
9b885498483445a090d1b2316483db0e.png,not_empty
9ca541c0db6d497187d75db73a6204b4.png,not_empty
9d2bf725c0c04e0e8001e8b9df136243.png,empty
9d5eb5a81e7b44c49e22ce4d6101be09.png,not_empty
9d6ad2c221ff443dad41c434f2c9bc61.png,empty
9df634e470dc491ba68e71629f4ae9ba.png,not_empty
9e967a585077413dac59fa7d440816d8.png,empty
9f3635b1227f434d88009ca6fb4668d6.png,not_empty
9fc1cd7831124a3cbc023ea49fb6f9e3.png,empty
9ff5f20909a24c26b22fc0f5b5976a4f.png,not_empty
a0149b451cc646f1864dfe05765853af.png,not_empty
a042ee09af74437abe9381babbc8ee53.png,not_empty
a05402b8b0994a67b049bbf742a59ad0.png,not_empty
a05c9be3f64b4d7da91b283b7827a178.png,not_empty
a0c763ce09934f4c8cf5a3ded56fc4cf.png,empty
a0e7e95a5b0c431e8629fe322fad1a56.png,not_empty
a0ebb03a1deb4148a0d6d41c14972b1c.png,empty
a0ec11c72ccc4ccdbe6dfd0006648708.png,not_empty
a14852b2055648cf892e8a483b8a7d4d.png,not_empty
a1578ffbc0824c3196eced7586f8a8f2.png,not_empty
a19e25d0230448cc89e17e604a68eaaf.png,not_empty
a1f1f7dd9636401bb8949f240255e1b4.png,empty
a1fc40a701d4469fb8621565a61ebc2b.png,empty
a23703c4f7134e39a63191a83f164e18.png,not_empty
a2390aedb39e479393d38a5ab61b2e5f.png,empty
a2a78a8550534d71874cd5b8fad36ac4.png,not_empty
a2b70ba1b73b4b109b30070428a9f442.png,not_empty
a2d0a4e875904406b503976b3db1d002.png,not_empty
a30dae97a0c6487a9565c3ea8a469fb7.png,not_empty
a334f599955f4cdb98f10d737afae790.png,empty
a36a530952744932aa0a220424293798.png,empty
a38e9dfe4ff6407dacb98ea53e543a29.png,not_empty
a3bf5c61139542bfa16713e54d85f2e2.png,empty
a4ae72481bfe4f088486bcf55cf9a711.png,empty
a4b83cfe436547c5ac5719688b54fe1c.png,empty
a4fd5ba58bb34c32a9b5b378cd241a9c.png,empty
a5272b42626e43a8b7b871169a65bc7c.png,not_empty
a57c801cd294455680ae9eec66482de5.png,not_empty
a58b91789e2f43758bb46bddca6c100e.png,empty
a5aff61dcb0c4cd986b4e5bcd7c0ff31.png,empty
a5f1e67435b944afb2cb45d2ff6f9797.png,not_empty
a7331919058e47dd9fa3581076d1cf3b.png,not_empty
a788ea4cf37e431196e296c9b9648c40.png,not_empty
a7c5a15744cc44b7bcebf8d293691ec6.png,empty
a7ca2a634f54452ab925b04cb0c23195.png,empty
a843f57382e1450ea983ef6d02b41374.png,empty
a858bbe59b52436ea89246499cd3af28.png,not_empty
a88d0b31e6f74ab4a7fff9921e76d334.png,not_empty
a8d9c924e7cb4811a6fc6d66be0160dc.png,not_empty
a8f27e2e32c64e49907386213ddd4af8.png,empty
a915b944ad2f422bb22f5db077c122fd.png,not_empty
a9518e07ebb24e208b354bcd9adb5b66.png,not_empty
a952e15711e145a0a7ee881a82044b97.png,not_empty
a9628fc2b7464b6a882ccda6d05b334b.png,not_empty
aafddb85d927473d800e5440611cd654.png,empty
ab386f9f999a4733834aba6f1d54ad59.png,empty
ab4061d7e1d84a53b1890f0d3fceef0a.png,not_empty
ac0b62fc89d642a89972e8821378d2d0.png,empty
aca21ff7b3924343900b28ca0ad0647b.png,not_empty
acb34cb39f024d0cafb5665ebc6903d5.png,empty
ad629144030545c3b5645dbf92fd57f0.png,not_empty
ad85e341987b40cca3f091ed9bb9ea9f.png,not_empty
ad88f590496b40229071424c84d58add.png,not_empty
ad9383a0e53f49fba73ed297f80a276f.png,empty
ae52b867b7d247698d5f13f636337282.png,not_empty
ae5bd66ea2924274aac981bd57833388.png,not_empty
ae745b0e08574a948e025bda54bc2fa2.png,not_empty
ae74f0e74c154a689797a3d2ca95a612.png,not_empty
ae98aae491584f279ff1784803e06df4.png,not_empty
aea4aa4e06d14fbe8fdeb08b51c3b762.png,not_empty
af2138db360e4f74aa1ba683715590a5.png,empty
af56cc9489ab4572865ea14e6a6c8692.png,empty
af700faafd8b4b85b42a517a5e76e3fd.png,empty
b013db2904ff4d67b8331f4ede33a997.png,not_empty
b084c03038e54a58898bb529e6acf720.png,empty
b095fc7eb62b446c881aef2c38d87ed9.png,not_empty
b0ec4934d10f462d885cb8df8f85c05e.png,empty
b1410524a30b45d5bf31f9471471d1d7.png,not_empty
b1542f8d3558422692f6b585ab645c56.png,not_empty
b1c52fddb8404de7aec04c9e5269ba4f.png,not_empty
b1c6f539398942379e08b97e8d252e07.png,empty
b1cecf2f09f442539025682a1152e7c6.png,empty
b226a743e76e48f29da335b06faa1533.png,not_empty
b30e6912d5204b098840c53374b747ff.png,not_empty
b31c3121b7ea46ed892bb8af2f7279d0.png,not_empty
b34414e20fbb41cfadc099fd515dc009.png,not_empty
b35b7a3701244c6495ef559c9c2b4e8a.png,not_empty
b3a3d342ba494057a953d2a11c17f748.png,not_empty
b3a643ae94ea482db1e81eec5f66fb5e.png,empty
b3dae735ca3049bd98d8c430a8162a4d.png,not_empty
b3ed7148561a4935a0b3ea5fac55f498.png,empty
b40588b644b94b9b934268db0028cbac.png,not_empty
b40f061b04e64cd782a9efc49142b402.png,empty
b454d550579942b7a4b8de2c68151afe.png,not_empty
b4996b7eb7d341b984f1269dcf477297.png,not_empty
b4ed73c760304ba99c73e12e6931cee9.png,not_empty
b54bb69c03be45d18cb5acc8e823898c.png,not_empty
b55074dd14c5416fa8151ae20df96006.png,empty
b561db2687054bccaadd9035406a63af.png,not_empty
b5ae70f378da4d81b9aa7d04045f7b25.png,not_empty
b5af458200c94895abe065c12e233bc9.png,empty
b5cbe2ac651e44b48d17adfeeec97370.png,empty
b63c342efc1144a486ffd6f8dda9706a.png,empty
b6bb623899624977ad02645fc0591b71.png,not_empty
b709b2e4ff0644ae88e32f9e9bb79097.png,not_empty
b758765304db4092863b7d40a4f1df2b.png,empty
b7cb7aff3ee34544923e80e68e4d25fd.png,not_empty
b800580044e64f17828054887b1373c5.png,not_empty
b822f189a1fa43a5909c16260d24684f.png,not_empty
b847af788442469bafcdeaea13a75047.png,not_empty
b8a6391dd9884b589ee73461cb3a3181.png,not_empty
b925e0e5893646728738efb21f67e2d6.png,not_empty
b950ad6a46d3432f95ba4cace7197cca.png,empty
b97dcd3979e14254a8aae397d3d3e9c6.png,not_empty
ba326547eb824245bb7bee26118d55db.png,not_empty
ba7b0c075ff94a229459879b417e2d08.png,not_empty
baa36395d63d4a559203b2a7602db179.png,empty
bc04cf186bd74b05a231316b6c34a33e.png,not_empty
bc1254166da144b4ae760a71f7800da8.png,not_empty
bcfcbe9ee12b419891e1cd237d088a5c.png,not_empty
bd3eca78038d49478174932ba2f51aed.png,empty
bd9014309a794ab5afea393a4f3a0a23.png,not_empty
bda932b5e4c04983909559a7c7861e2b.png,not_empty
bdafe36fc71a4a2597cdd3c4006d1fdc.png,not_empty
bddcb3e2f0644c79b49341b9131f7761.png,not_empty
be9c2a4ffe82455ba8c5583a6d6db116.png,empty
bea84ede399d446c9843ac6cd904ac36.png,empty
bec32984d0e543adabe1e453826db983.png,not_empty
bf3d6ea4dc394e409d497ef0c3d1d8e0.png,not_empty
bf4196a342004b0f81ed3adf27d0dddf.png,not_empty
bf7886f51b7044879e7b84862cbe3c6d.png,not_empty
c04c2f8507f249bbaa09f91ed01ce148.png,not_empty
c0658648bfe04d0ab4bf5b32833b4b8b.png,not_empty
c0f6cdac6e11459ea95bd617b5d3bc01.png,not_empty
c21075901dc848429d6c1a3db10edc88.png,not_empty
c3167f307a0046f6acdff720b3e8c561.png,not_empty
c3943f78cefc4669ba07963de8a58960.png,not_empty
c4055eb4a1f34030b8239e2323403443.png,empty
c449da2330af4345a760906a2ab8756e.png,empty
c51226aca3de4c12afd947933d6f3922.png,not_empty
c54615ca05614854822c53ee0f94fde5.png,not_empty
c6e5fbc1f0de4789a23b1644dd7e251e.png,not_empty
c7edf25195204f6184ca56ec2dff0550.png,empty
c8127f19c3d847828dc7984bc9032eff.png,not_empty
c816903267984c6b99d4b5376b6e15f2.png,empty
c81dd507d94f427f87bb41c750ef56df.png,not_empty
c84114ea03c2448b9b0600a0db11b352.png,not_empty
c86c70c3e1954ae39372553d3a2b4d9f.png,not_empty
c90a36d956514697aa4fd821dd9ab20d.png,empty
c95738a2d5f54385873e13f77e178eb4.png,empty
c982aee809fc49e78675e875388ca2f8.png,not_empty
c9af5c7bac9b454186b3068ec9c3be5e.png,not_empty
c9d5d50e1e234e78a7ba623b5a74c778.png,empty
ca3f5e59b170437d872a02a5d23b6551.png,not_empty
ca4650e60fe340febce18d04fdaf8b61.png,not_empty
caf3e010083f4d35b5b97a9f7220d491.png,not_empty
cb0691c18ed1485195be0dd276e2502a.png,not_empty
cb41fcbc2e54469185cd6447a5128aca.png,not_empty
cbd09aaba97946c3a2cf20fe2f8445ea.png,empty
cc8d5781f3b04ad8aa96153649f0e5a4.png,not_empty
cd3ba57cb13f4f54a84036bbe1ac31ac.png,empty
cd97ff80b17142bcb7b9c9786ee7f217.png,empty
cf530dee4faf4130b3c22008f5d673a5.png,not_empty
cf81289e9e77466399aee29df86a9ebf.png,not_empty
cfade20006a04d969001b6ca6b2c1b54.png,not_empty
cfb0202e221e42fd8a7f3489f5e6e794.png,empty
cfb56d296e3b4d39a7283a6495bc4485.png,not_empty
d01e0c2d251c4492bc7e35faf78d8480.png,not_empty
d04104c8712345bd9a517ab3d6ff8666.png,not_empty
d08b82c85d8144e8a18adcafee49137d.png,not_empty
d0bc098db08342da8a8c3c58fe8c15d9.png,not_empty
d118d4aded1f478c9d8ee89e8d14be4e.png,not_empty
d18ed4f1c99144aaade53a8077304256.png,empty
d2e50d9442524704ba7194ddd9b5c2c6.png,not_empty
d3059516ceb44a6fa2a527bb1164dc8c.png,empty
d33aa56280cc4e77bd529c1472baf230.png,not_empty
d3a13cd650ff40ff8f8d6940a2bd53ef.png,empty
d3c11376572346388d181f2a91888cb2.png,empty
d3f2c789c8de411085a18a55789b7721.png,empty
d408582a48c64f1c98a3c7f2891377ea.png,not_empty
d46108de79b848eda48292057ab783b2.png,empty
d4d3938504c6469d96c1bb07f4ff1515.png,not_empty
d4db67c977404dceb8d38efdbe995601.png,not_empty
d51017d26eed45e8a8657f50333221ac.png,not_empty
d517f42eef93400abf7185fd14e822f9.png,not_empty
d5289d84e81f42548d13e92d332780e5.png,not_empty
d59e040f3ca648b7bc38563c5823339a.png,not_empty
d5cfd73d7a07459fb0d59b75087bbe52.png,empty
d5df15d981524e35b30798aa6efc0d16.png,empty
d629409058ea4999ad2df9e2a2dc9bfe.png,empty
d6bd5d61c6794201bee6a5307fc912b6.png,not_empty
d6ef9f8271344c20b65573e1c155c7aa.png,not_empty
d72d6e0a394c4485969d0c7828ede15f.png,not_empty
d731f5754dd6486b96495023c9078cf5.png,not_empty
d739f4a6e7694f65a6324d3c5a7d8405.png,not_empty
d779776267a044279a045082b312f580.png,empty
d7ce263c855f4f07aa3e579ed055b09c.png,not_empty
d7cffb3f18934383912dbf2cd89bc260.png,empty
d83249511fc6422eb81e8ecfa4c6379a.png,not_empty
d9114b6195174f1e9eeaf8466c294fa7.png,not_empty
d919f03ca8264368a45b867b544d6526.png,not_empty
d96a61b5ec1344f98f654d09a7c273cf.png,empty
d986250a32ea4b8ea3ec7d639caa8244.png,empty
d9aeec1933e940a7b243f283f5874316.png,empty
da0a2a34213d4082a52ccbf123f9fa46.png,empty
db39a562aa3a4626af1b517537a6b4ec.png,not_empty
db5928c329a44e4a8a8a2e8f4073fe54.png,empty
dc0739fbde224db0bcbb644f28320d0e.png,not_empty
dc2fcfae90dd419694abad736d0a8a95.png,not_empty
dc718bb5ef154e6d8d90fcc1b3645c82.png,not_empty
dc93b0975aa14a45a664413f4d36cfb0.png,not_empty
dcb37fb3f20a4f5bbd23acaf70395ea3.png,not_empty
dd0eed2389dd478585a339461575d786.png,empty
dd317f89dc0749c4bc425369f66b0bce.png,not_empty
dd5973fee1d94b91b73f756dc02a3bae.png,empty
de1a58d61fde4770b24a3bac83a42ce3.png,empty
de4c32ec152a4520be7cc88b385fdc8b.png,empty
de53e48aab4f41a18cce71841783d935.png,not_empty
def5e50b98a14cfe95a5af954e63f825.png,not_empty
e08f166296b64c6399e9f70703a79722.png,not_empty
e10e40399771476b95e0f545b0d82e86.png,not_empty
e1eba2b4aec6477ab86335cacd20c68d.png,not_empty
e1f9a4d0a497410191881ebc1474c685.png,not_empty
e20f471f9f5343848879c9b580eb5379.png,not_empty
e2308a7132034afbb09000d2a4c4387b.png,not_empty
e240bb1de96549c6b7662d56dd3ca6e3.png,not_empty
e26a36d505154867bfc0f0186759938f.png,empty
e28f7f6dba7043f2bd53a6c1095a4913.png,not_empty
e31b71fc24964ab689e75282e9e54d9e.png,not_empty
e38abc85b3c74160a3ab788d5bb04469.png,not_empty
e3a1b90ebbbe417b99e1efc716aeb763.png,not_empty
e45e376a0d3d451d8c55a06d495f07e1.png,not_empty
e473533f78c143409871247f6464f131.png,not_empty
e495e55f973547cba7ecb4a56d6398ab.png,not_empty
e4b941a5a43a41e880ef1878773cc4be.png,not_empty
e50ba232590a4b9d822879b3027b5870.png,empty
e5170a95753f4083a13c787ba92513e0.png,not_empty
e5ddd60b85e64a06b890640c3bd025cb.png,empty
e60465c2705c48a3ba63436541022f7a.png,not_empty
e628364cfb2a4bcda073dac0cdb71f1a.png,not_empty
e6c0d4fa37ab4386809d5a3d07db9bf1.png,empty
e6c52a708484435c98cca1a930a80368.png,empty
e6c6e1486e1544be91c22a3b4b46024d.png,not_empty
e6f84ef06e2149b997e5ac2dd0fd4811.png,not_empty
e6fccfa06ede45e298462f7c25a8e968.png,not_empty
e746be522dbb46eb8a39cb3f943adac6.png,not_empty
e762e9abbbc54e6da1c5bfc778dd559b.png,empty
e7f74c403c4e4aef97d1d66fad57957d.png,not_empty
e8432850722b4c50b4f11fa4838ef9b8.png,empty
e8eb569527e744bb88b574a48a4e5004.png,not_empty
e90c4ab5d73b4be08bcf5b323a00453c.png,not_empty
e943301a53814221b83ee33cd1df3340.png,not_empty
e94d84947248449a8342d3022c77729c.png,not_empty
e9af902d8f2b4fd58635dc681b16cf51.png,not_empty
e9b68d3fd47f47d19924ede2f4fd051f.png,not_empty
e9f57974de364ccfa80074259b72023f.png,empty
ea3e97737a8440cbaac02592c5a184df.png,empty
ea8cdac48082474abe84c3c9afe6b3b0.png,empty
eaceee25963b4d2eb863bc5b92cb4d22.png,empty
eb574f043eca44aab2016a27dacbe1d7.png,empty
ebca3cf000a4419cb1ad12ed597aab49.png,not_empty
ec8ba34fb68849b69c98da2329a2098e.png,not_empty
ec927e1726f64b98be1e0c6307aadaac.png,empty
ed4b8cd1cbf042c0ab975d747fbdf4ea.png,empty
edd6de0616f54af998107cbc7c3b33e1.png,not_empty
ede083960a8143e3aa420916cb0795ee.png,not_empty
eea3e47accc44dc196f4a2353f39b6a5.png,not_empty
eecdab09a7cc4e7e80b6e8602c6b4f93.png,empty
ef4ebebfebd743c99ca241980fbd0f96.png,not_empty
eff6e78a6b89488ab97f3d29b91e6b64.png,not_empty
f082ad8116eb4977b0517f4f103b98bf.png,not_empty
f0bea1bb87874d9da1f1e21ad19605e6.png,not_empty
f11c8f6865424e249d1a9d8020d08abf.png,empty
f14c5fb4332a475994967d7fe7b10661.png,empty
f2225a661532412a83f652b1c46b2efa.png,not_empty
f2ebcc84f06c40d2814e14bc42bf55fb.png,empty
f3194b8984524b90811786a535823d25.png,not_empty
f3ccec7b678a4b1e8e14acd3df71c035.png,not_empty
f3f6b3c14d514ec58c662af0d7f00260.png,empty
f49c195b7746401dab413b0fe077f7d3.png,empty
f4a7d9ae3ea74925b6919e8e7575d3b1.png,empty
f4b4e3f0cc5149139a8e623b9148096c.png,not_empty
f4ee24c2f40f47ab8218afc364c74239.png,not_empty
f506820f4ec1409f905a168a62ae1057.png,empty
f54f326776f440e59355aa204e1e2c53.png,not_empty
f61554553eba41b0bd25e71df4a468e9.png,not_empty
f61e6256bc874e8999cbd5dbfc7e08a8.png,not_empty
f71a47d063bf4040a46512cb4faef3a1.png,not_empty
f720a6d07a4a4426839613327c7569a4.png,not_empty
f740e8a918ff40fe9e1586292c363b57.png,not_empty
f782b5f0544841cf96d086cbb6264273.png,not_empty
f89094b157374215bbcfdf7ff7a8eecf.png,empty
f8ae803eea6644adbd308ecab342c9b7.png,not_empty
f8e2ad0f71a24d65a99eef7dcf7cb61d.png,not_empty
f999d0a9ea73485cbe9bf20efe7787a2.png,not_empty
f9bfa67f433d4d3b94e8b17431c2c677.png,not_empty
f9f935f195f04f7c83d8c454c769419a.png,empty
fa7d39fa79524e0b8808c7a31565f9a6.png,not_empty
fbc4219d7598487fbeba2318b80051fb.png,not_empty
fbe777220bed4267ac13cde7c3c22ea1.png,not_empty
fbf001e42300439f99280da4e88a8a87.png,not_empty
fc006c09a2f74079ad697a18073f0f7a.png,not_empty
fc15ba3a5820414eb54fd30267316fe8.png,not_empty
fcad735cb4a643fc92888becf298dada.png,not_empty
fcbe4129e46d4c4c8875451a20e3b999.png,empty
fceaba1cc50944b8b8d763052a1a955a.png,not_empty
fd11722765b0494082a7242541945b11.png,not_empty
fd6109e078e046429f15278868065bd1.png,not_empty
fd65d164317e4b15af9adb107e1a67fa.png,not_empty
fda6e28bc6c14809ba579ba4fcd6db99.png,not_empty
fdbd27ff843a499ab483485525d52dba.png,not_empty
fddf5768341a45adb868ce53a3fa4042.png,empty
fdf0f5cb76af4e2383b19f2028109242.png,not_empty
fe0a96ce77df41839b566651da9f0901.png,not_empty
fed44492f78448229be686cc4efe4f5a.png,not_empty
fef079464c5f42e985d07b7a4dcbb7b9.png,not_empty
fef1b898b12e477583fc87fd526b4ba7.png,not_empty
ff29e155e802423c9157124fbbb07473.png,empty
ffd1fdbf79e1473fb6e0ba9b359f7d9e.png,not_empty
fff157be0ee74508acf4c0246b50c96e.png,empty
fff391980d564aaabe1b001760fbd5ab.png,not_empty
fff76499df33434f8889d40fcab568f7.png,not_empty
