filename,prediction,empty_prob
00e77602549e45598a58f29ac6eb4414_sim_001_aspen_arm_wrist_camera_color_optical_frame_depth.png,not_empty,0.3954
00e77602549e45598a58f29ac6eb4414_sim_001_aspen_arm_wrist_camera_color_optical_frame_rgb.png,not_empty,0.0166
015baa60e9a14b54be0d1bbc14515ce4_sim_001_aspen_arm_wrist_camera_color_optical_frame_depth.png,not_empty,0.4242
015baa60e9a14b54be0d1bbc14515ce4_sim_001_aspen_arm_wrist_camera_color_optical_frame_rgb.png,not_empty,0.0006
01736dbcd3a84ced9ceb1828379af24b_sim_001_aspen_arm_wrist_camera_color_optical_frame_depth.png,not_empty,0.3740
01736dbcd3a84ced9ceb1828379af24b_sim_001_aspen_arm_wrist_camera_color_optical_frame_rgb.png,not_empty,0.0016
040365501dbe451e82eee598ee7b8fc4_sim_001_aspen_arm_wrist_camera_color_optical_frame_depth.png,not_empty,0.3608
040365501dbe451e82eee598ee7b8fc4_sim_001_aspen_arm_wrist_camera_color_optical_frame_rgb.png,not_empty,0.0119
044bea16999f48d28b17606048ed099d_sim_001_aspen_arm_wrist_camera_color_optical_frame_depth.png,not_empty,0.3340
044bea16999f48d28b17606048ed099d_sim_001_aspen_arm_wrist_camera_color_optical_frame_rgb.png,not_empty,0.0168
047b87fda9ee4c1f9838098dff0141f0_sim_001_aspen_arm_wrist_camera_color_optical_frame_depth.png,not_empty,0.3525
047b87fda9ee4c1f9838098dff0141f0_sim_001_aspen_arm_wrist_camera_color_optical_frame_rgb.png,not_empty,0.0167
0492936788564b77ab43d7cee2d0f925_sim_001_aspen_arm_wrist_camera_color_optical_frame_depth.png,not_empty,0.3704
04b92fae9fb74373b1785496bf284657_sim_001_aspen_arm_wrist_camera_color_optical_frame_depth.png,not_empty,0.4182
04b92fae9fb74373b1785496bf284657_sim_001_aspen_arm_wrist_camera_color_optical_frame_rgb.png,not_empty,0.0231
0665853e036c479384e2707fb69c23d1_sim_001_aspen_arm_wrist_camera_color_optical_frame_depth.png,not_empty,0.4117
0665853e036c479384e2707fb69c23d1_sim_001_aspen_arm_wrist_camera_color_optical_frame_rgb.png,not_empty,0.0022
0775dda256fc4a5db28cd187392730a9_sim_001_aspen_arm_wrist_camera_color_optical_frame_depth.png,not_empty,0.4351
0775dda256fc4a5db28cd187392730a9_sim_001_aspen_arm_wrist_camera_color_optical_frame_rgb.png,not_empty,0.0021
079c4276052e4bd5ab557113dce684a1_sim_001_aspen_arm_wrist_camera_color_optical_frame_depth.png,not_empty,0.3846
08de133095b64b3eab4927a18852aac1_sim_001_aspen_arm_wrist_camera_color_optical_frame_depth.png,not_empty,0.3463
08de133095b64b3eab4927a18852aac1_sim_001_aspen_arm_wrist_camera_color_optical_frame_rgb.png,not_empty,0.0610
0a51a68232e94935bdf9881191cbd19c_sim_001_aspen_arm_wrist_camera_color_optical_frame_depth.png,not_empty,0.4330
0a51a68232e94935bdf9881191cbd19c_sim_001_aspen_arm_wrist_camera_color_optical_frame_rgb.png,not_empty,0.0065
0a526b356ce149009071dc02c273c642_sim_001_aspen_arm_wrist_camera_color_optical_frame_depth.png,not_empty,0.4097
0a526b356ce149009071dc02c273c642_sim_001_aspen_arm_wrist_camera_color_optical_frame_rgb.png,not_empty,0.0224
0af203a91d754b03ae6b5996b5e330e4_sim_001_aspen_arm_wrist_camera_color_optical_frame_depth.png,not_empty,0.4030
0f458665a3f94e1e89841f661746ed8d_sim_001_aspen_arm_wrist_camera_color_optical_frame_depth.png,not_empty,0.3829
0f545d3739c349e2a5a931b0cf69878f_sim_001_aspen_arm_wrist_camera_color_optical_frame_depth.png,not_empty,0.3509
0f545d3739c349e2a5a931b0cf69878f_sim_001_aspen_arm_wrist_camera_color_optical_frame_rgb.png,not_empty,0.0175
0f8a2f0c04a94f2c85f5615696344de0_sim_001_aspen_arm_wrist_camera_color_optical_frame_depth.png,not_empty,0.4127
0fbf98b25f9045ec92e51ea741ea104c_sim_001_aspen_arm_wrist_camera_color_optical_frame_depth.png,not_empty,0.4121
0ffece87db734b4abd0b82d701eb5e33_sim_001_aspen_arm_wrist_camera_color_optical_frame_depth.png,not_empty,0.3834
0ffece87db734b4abd0b82d701eb5e33_sim_001_aspen_arm_wrist_camera_color_optical_frame_rgb.png,not_empty,0.0045
104cbfffc29745f482558ac176ac6e5f_sim_001_aspen_arm_wrist_camera_color_optical_frame_depth.png,not_empty,0.3702
10576999147b41cab51eafa9df35ce47_sim_001_aspen_arm_wrist_camera_color_optical_frame_depth.png,not_empty,0.4168
10576999147b41cab51eafa9df35ce47_sim_001_aspen_arm_wrist_camera_color_optical_frame_rgb.png,not_empty,0.0025
1083f2b9a4c24c2dace3bd7b0291d20d_sim_001_aspen_arm_wrist_camera_color_optical_frame_depth.png,not_empty,0.3998
1083f2b9a4c24c2dace3bd7b0291d20d_sim_001_aspen_arm_wrist_camera_color_optical_frame_rgb.png,not_empty,0.0055
11d6a295a1434004ba3056e435d8ac74_sim_001_aspen_arm_wrist_camera_color_optical_frame_depth.png,not_empty,0.3785
11d6a295a1434004ba3056e435d8ac74_sim_001_aspen_arm_wrist_camera_color_optical_frame_rgb.png,not_empty,0.0015
121bb314393d40cf818cdb0a776cfc13_sim_001_aspen_arm_wrist_camera_color_optical_frame_depth.png,not_empty,0.3974
121bb314393d40cf818cdb0a776cfc13_sim_001_aspen_arm_wrist_camera_color_optical_frame_rgb.png,not_empty,0.0216
1290a09507d9475db0c9670475e38f34_sim_001_aspen_arm_wrist_camera_color_optical_frame_depth.png,not_empty,0.3920
1290a09507d9475db0c9670475e38f34_sim_001_aspen_arm_wrist_camera_color_optical_frame_rgb.png,not_empty,0.0006
12fc3f6187bd480bb2b83c4814621560_sim_001_aspen_arm_wrist_camera_color_optical_frame_depth.png,not_empty,0.4147
13ed899ed27a4a5ba043659263ef6d3d_sim_001_aspen_arm_wrist_camera_color_optical_frame_depth.png,not_empty,0.4124
1466e11e8c534496bf343575c1869fa6_sim_001_aspen_arm_wrist_camera_color_optical_frame_depth.png,not_empty,0.3886
1572dd4494c2450a925267a3d96968cd_sim_001_aspen_arm_wrist_camera_color_optical_frame_depth.png,not_empty,0.4133
1572dd4494c2450a925267a3d96968cd_sim_001_aspen_arm_wrist_camera_color_optical_frame_rgb.png,not_empty,0.0178
160c0ec1639a4e7e997287af49f3e90e_sim_001_aspen_arm_wrist_camera_color_optical_frame_depth.png,not_empty,0.3680
18a5ca4d206544fe9ae461ee84d417aa_sim_001_aspen_arm_wrist_camera_color_optical_frame_depth.png,not_empty,0.3196
18a5ca4d206544fe9ae461ee84d417aa_sim_001_aspen_arm_wrist_camera_color_optical_frame_rgb.png,not_empty,0.0035
1f7ba93061b04c8c8ce398c14c85386a_sim_001_aspen_arm_wrist_camera_color_optical_frame_depth.png,not_empty,0.4191
1f7ba93061b04c8c8ce398c14c85386a_sim_001_aspen_arm_wrist_camera_color_optical_frame_rgb.png,not_empty,0.0223
2007b48f447344eeb0acdf699dcbc3bf_sim_001_aspen_arm_wrist_camera_color_optical_frame_depth.png,not_empty,0.4302
2007b48f447344eeb0acdf699dcbc3bf_sim_001_aspen_arm_wrist_camera_color_optical_frame_rgb.png,not_empty,0.0009
20700c8a308545b8906c767595d6aa5f_sim_001_aspen_arm_wrist_camera_color_optical_frame_depth.png,not_empty,0.3995
20700c8a308545b8906c767595d6aa5f_sim_001_aspen_arm_wrist_camera_color_optical_frame_rgb.png,not_empty,0.0038
20aa609bd331468abc6b55d32198cfdd_sim_001_aspen_arm_wrist_camera_color_optical_frame_depth.png,not_empty,0.3773
20f3e6d8e0c040bb8c7566d67db44b10_sim_001_aspen_arm_wrist_camera_color_optical_frame_depth.png,not_empty,0.3796
21d2f4e0452146b0a7b98238bf010146_sim_001_aspen_arm_wrist_camera_color_optical_frame_depth.png,not_empty,0.3697
21d2f4e0452146b0a7b98238bf010146_sim_001_aspen_arm_wrist_camera_color_optical_frame_rgb.png,not_empty,0.0316
223b6295c03a432aa88dc8d37a92a2a7_sim_001_aspen_arm_wrist_camera_color_optical_frame_depth.png,not_empty,0.4190
223b6295c03a432aa88dc8d37a92a2a7_sim_001_aspen_arm_wrist_camera_color_optical_frame_rgb.png,not_empty,0.0006
22a540c09f9a460bafd69d9875327c7d_sim_001_aspen_arm_wrist_camera_color_optical_frame_depth.png,not_empty,0.3940
22a540c09f9a460bafd69d9875327c7d_sim_001_aspen_arm_wrist_camera_color_optical_frame_rgb.png,not_empty,0.0249
245454628bc04703b2d8582fee91613e_sim_001_aspen_arm_wrist_camera_color_optical_frame_depth.png,not_empty,0.4136
245454628bc04703b2d8582fee91613e_sim_001_aspen_arm_wrist_camera_color_optical_frame_rgb.png,not_empty,0.0026
2496c6331f6846cabfc6141085841861_sim_001_aspen_arm_wrist_camera_color_optical_frame_depth.png,not_empty,0.3819
2496c6331f6846cabfc6141085841861_sim_001_aspen_arm_wrist_camera_color_optical_frame_rgb.png,not_empty,0.0060
24dc2683bed04c9aa3e2429b24606d87_sim_001_aspen_arm_wrist_camera_color_optical_frame_depth.png,not_empty,0.3770
24dc2683bed04c9aa3e2429b24606d87_sim_001_aspen_arm_wrist_camera_color_optical_frame_rgb.png,not_empty,0.0049
24df51290c024cb5b12d4f83d4072aef_sim_001_aspen_arm_wrist_camera_color_optical_frame_depth.png,not_empty,0.3999
24df51290c024cb5b12d4f83d4072aef_sim_001_aspen_arm_wrist_camera_color_optical_frame_rgb.png,not_empty,0.1167
2612452e88b7465ab1fb7286eab8a9c3_sim_001_aspen_arm_wrist_camera_color_optical_frame_depth.png,not_empty,0.3790
26720e4f2178465e99fe71676c4aafee_sim_001_aspen_arm_wrist_camera_color_optical_frame_depth.png,not_empty,0.4150
26720e4f2178465e99fe71676c4aafee_sim_001_aspen_arm_wrist_camera_color_optical_frame_rgb.png,not_empty,0.0020
276fa837c7154e958e0a5ab2b4ae0325_sim_001_aspen_arm_wrist_camera_color_optical_frame_depth.png,not_empty,0.4114
276fa837c7154e958e0a5ab2b4ae0325_sim_001_aspen_arm_wrist_camera_color_optical_frame_rgb.png,not_empty,0.0010
28b7284c63d04d859f40cc1e2fd26b16_sim_001_aspen_arm_wrist_camera_color_optical_frame_depth.png,not_empty,0.3828
28b7284c63d04d859f40cc1e2fd26b16_sim_001_aspen_arm_wrist_camera_color_optical_frame_rgb.png,not_empty,0.0157
2a16412b4e75443881f6f065658b01f1_sim_001_aspen_arm_wrist_camera_color_optical_frame_depth.png,not_empty,0.4239
2a16412b4e75443881f6f065658b01f1_sim_001_aspen_arm_wrist_camera_color_optical_frame_rgb.png,not_empty,0.0014
2a97737937c246c8bc7b8249209f7418_sim_001_aspen_arm_wrist_camera_color_optical_frame_depth.png,not_empty,0.4041
2b54ac5d11bc4ff2842fe729a0bad333_sim_001_aspen_arm_wrist_camera_color_optical_frame_depth.png,not_empty,0.4180
2b54ac5d11bc4ff2842fe729a0bad333_sim_001_aspen_arm_wrist_camera_color_optical_frame_rgb.png,not_empty,0.0026
2c13d69bfaad4850b11d09aa176b6233_sim_001_aspen_arm_wrist_camera_color_optical_frame_depth.png,not_empty,0.4428
2c13d69bfaad4850b11d09aa176b6233_sim_001_aspen_arm_wrist_camera_color_optical_frame_rgb.png,not_empty,0.0177
2c96ec9d1f4148db91e752d0c0ee9626_sim_001_aspen_arm_wrist_camera_color_optical_frame_depth.png,not_empty,0.4403
2c96ec9d1f4148db91e752d0c0ee9626_sim_001_aspen_arm_wrist_camera_color_optical_frame_rgb.png,not_empty,0.0023
2f21e0fc6e334c8f9075a13e0d585f45_sim_001_aspen_arm_wrist_camera_color_optical_frame_depth.png,not_empty,0.4206
2f21e0fc6e334c8f9075a13e0d585f45_sim_001_aspen_arm_wrist_camera_color_optical_frame_rgb.png,not_empty,0.0060
310d607f21d04582b025ff2457d2265a_sim_001_aspen_arm_wrist_camera_color_optical_frame_depth.png,not_empty,0.4463
310d607f21d04582b025ff2457d2265a_sim_001_aspen_arm_wrist_camera_color_optical_frame_rgb.png,not_empty,0.0015
316f812730d24327a8b4f42aea504f64_sim_001_aspen_arm_wrist_camera_color_optical_frame_depth.png,not_empty,0.4071
316f812730d24327a8b4f42aea504f64_sim_001_aspen_arm_wrist_camera_color_optical_frame_rgb.png,not_empty,0.1526
318e9903659e42daadac1387afb2948f_sim_001_aspen_arm_wrist_camera_color_optical_frame_depth.png,not_empty,0.3954
318e9903659e42daadac1387afb2948f_sim_001_aspen_arm_wrist_camera_color_optical_frame_rgb.png,not_empty,0.0026
32f71861d9624d44b08166d417454053_sim_001_aspen_arm_wrist_camera_color_optical_frame_depth.png,not_empty,0.4282
32f71861d9624d44b08166d417454053_sim_001_aspen_arm_wrist_camera_color_optical_frame_rgb.png,not_empty,0.0103
339cf0be663b462eb2641e33622dfab8_sim_001_aspen_arm_wrist_camera_color_optical_frame_depth.png,not_empty,0.4196
339cf0be663b462eb2641e33622dfab8_sim_001_aspen_arm_wrist_camera_color_optical_frame_rgb.png,not_empty,0.0017
33b70d2b5f174f9a8f48e964cad10bfa_sim_001_aspen_arm_wrist_camera_color_optical_frame_depth.png,not_empty,0.4060
33b70d2b5f174f9a8f48e964cad10bfa_sim_001_aspen_arm_wrist_camera_color_optical_frame_rgb.png,not_empty,0.0453
35d3b1ac65ec409c9c5e75796a5f511f_sim_001_aspen_arm_wrist_camera_color_optical_frame_depth.png,not_empty,0.4077
35d3b1ac65ec409c9c5e75796a5f511f_sim_001_aspen_arm_wrist_camera_color_optical_frame_rgb.png,not_empty,0.0022
35f9fd327f624422ab1ac225bb40d3f7_sim_001_aspen_arm_wrist_camera_color_optical_frame_depth.png,not_empty,0.4399
35f9fd327f624422ab1ac225bb40d3f7_sim_001_aspen_arm_wrist_camera_color_optical_frame_rgb.png,not_empty,0.0202
364bccf202fc4d62b67dfeace9fa5ea8_sim_001_aspen_arm_wrist_camera_color_optical_frame_depth.png,not_empty,0.3916
364bccf202fc4d62b67dfeace9fa5ea8_sim_001_aspen_arm_wrist_camera_color_optical_frame_rgb.png,not_empty,0.0029
37ad1283346b4e359249557311ffa66e_sim_001_aspen_arm_wrist_camera_color_optical_frame_depth.png,not_empty,0.4477
37ad1283346b4e359249557311ffa66e_sim_001_aspen_arm_wrist_camera_color_optical_frame_rgb.png,not_empty,0.0097
3866fa024a844744bcc7a52483339795_sim_001_aspen_arm_wrist_camera_color_optical_frame_depth.png,not_empty,0.3067
396840e5c6f74f5480310b3f22713110_sim_001_aspen_arm_wrist_camera_color_optical_frame_depth.png,not_empty,0.4222
396840e5c6f74f5480310b3f22713110_sim_001_aspen_arm_wrist_camera_color_optical_frame_rgb.png,not_empty,0.0408
3e9651bc784144e28c07b12426a9ac82_sim_001_aspen_arm_wrist_camera_color_optical_frame_depth.png,not_empty,0.3907
3e9651bc784144e28c07b12426a9ac82_sim_001_aspen_arm_wrist_camera_color_optical_frame_rgb.png,not_empty,0.0073
3f0ebb089988407b8a27c168fad19777_sim_001_aspen_arm_wrist_camera_color_optical_frame_depth.png,not_empty,0.3943
3f0ebb089988407b8a27c168fad19777_sim_001_aspen_arm_wrist_camera_color_optical_frame_rgb.png,not_empty,0.0015
3f8a04a74bf740f1aaa110f1de1af21b_sim_001_aspen_arm_wrist_camera_color_optical_frame_depth.png,not_empty,0.3772
3f8a04a74bf740f1aaa110f1de1af21b_sim_001_aspen_arm_wrist_camera_color_optical_frame_rgb.png,not_empty,0.0029
3fbde5006c444404b939b691991e6982_sim_001_aspen_arm_wrist_camera_color_optical_frame_depth.png,not_empty,0.3442
4132dea99e9341ef9ba60bc08c0840f5_sim_001_aspen_arm_wrist_camera_color_optical_frame_depth.png,not_empty,0.3507
4185c22b697a435b997fcb26ae54f877_sim_001_aspen_arm_wrist_camera_color_optical_frame_depth.png,not_empty,0.3579
4185c22b697a435b997fcb26ae54f877_sim_001_aspen_arm_wrist_camera_color_optical_frame_rgb.png,not_empty,0.0004
421d580ecc504e2f9b018deb106b739f_sim_001_aspen_arm_wrist_camera_color_optical_frame_depth.png,not_empty,0.4158
421d580ecc504e2f9b018deb106b739f_sim_001_aspen_arm_wrist_camera_color_optical_frame_rgb.png,not_empty,0.0050
42770698c4094eb4b2eddd128b5ffb47_sim_001_aspen_arm_wrist_camera_color_optical_frame_depth.png,not_empty,0.3520
42d57a39e55f43b8afe7354cd26349d8_sim_001_aspen_arm_wrist_camera_color_optical_frame_depth.png,not_empty,0.3776
42d57a39e55f43b8afe7354cd26349d8_sim_001_aspen_arm_wrist_camera_color_optical_frame_rgb.png,not_empty,0.0136
4341e62604314332a6b476da82496d82_sim_001_aspen_arm_wrist_camera_color_optical_frame_depth.png,not_empty,0.3899
4560dc2f4f534356bac09759d1b3921a_sim_001_aspen_arm_wrist_camera_color_optical_frame_depth.png,not_empty,0.3845
4560dc2f4f534356bac09759d1b3921a_sim_001_aspen_arm_wrist_camera_color_optical_frame_rgb.png,not_empty,0.0046
46f04a655433414f818a022431781376_sim_001_aspen_arm_wrist_camera_color_optical_frame_depth.png,not_empty,0.4149
46f04a655433414f818a022431781376_sim_001_aspen_arm_wrist_camera_color_optical_frame_rgb.png,not_empty,0.0085
48a56315cd8046918d966d149a91d919_sim_001_aspen_arm_wrist_camera_color_optical_frame_depth.png,not_empty,0.3881
48a56315cd8046918d966d149a91d919_sim_001_aspen_arm_wrist_camera_color_optical_frame_rgb.png,not_empty,0.0013
48ab195a707a42539bce57a56e325599_sim_001_aspen_arm_wrist_camera_color_optical_frame_depth.png,not_empty,0.4005
48ab195a707a42539bce57a56e325599_sim_001_aspen_arm_wrist_camera_color_optical_frame_rgb.png,not_empty,0.0043
493d836816a34a26a27c75252a3f34fa_sim_001_aspen_arm_wrist_camera_color_optical_frame_depth.png,not_empty,0.3607
493d836816a34a26a27c75252a3f34fa_sim_001_aspen_arm_wrist_camera_color_optical_frame_rgb.png,not_empty,0.0025
494e7823922e401f937ae18fe58529ac_sim_001_aspen_arm_wrist_camera_color_optical_frame_depth.png,not_empty,0.4345
494e7823922e401f937ae18fe58529ac_sim_001_aspen_arm_wrist_camera_color_optical_frame_rgb.png,not_empty,0.0036
49d25d5c191b46c993c047a6e59b0f27_sim_001_aspen_arm_wrist_camera_color_optical_frame_depth.png,not_empty,0.3591
49d25d5c191b46c993c047a6e59b0f27_sim_001_aspen_arm_wrist_camera_color_optical_frame_rgb.png,not_empty,0.0032
4a0be94379ab4e7c8094ceb081bf4eac_sim_001_aspen_arm_wrist_camera_color_optical_frame_depth.png,not_empty,0.3695
4a0be94379ab4e7c8094ceb081bf4eac_sim_001_aspen_arm_wrist_camera_color_optical_frame_rgb.png,not_empty,0.0005
4b7a8b120ac14afe87af8c154e55a1d5_sim_001_aspen_arm_wrist_camera_color_optical_frame_depth.png,not_empty,0.3881
4b7a8b120ac14afe87af8c154e55a1d5_sim_001_aspen_arm_wrist_camera_color_optical_frame_rgb.png,not_empty,0.0013
4c9d059ebaec4fffbc0ea5727522d06b_sim_001_aspen_arm_wrist_camera_color_optical_frame_depth.png,not_empty,0.4045
4c9d059ebaec4fffbc0ea5727522d06b_sim_001_aspen_arm_wrist_camera_color_optical_frame_rgb.png,not_empty,0.0018
4ca708db6f5f488aadc4d0ba5376d3d5_sim_001_aspen_arm_wrist_camera_color_optical_frame_depth.png,not_empty,0.4060
4ca708db6f5f488aadc4d0ba5376d3d5_sim_001_aspen_arm_wrist_camera_color_optical_frame_rgb.png,not_empty,0.0013
4d1d52d5348d40c8b8437d5e7f149689_sim_001_aspen_arm_wrist_camera_color_optical_frame_depth.png,not_empty,0.3924
4d38cc7b3e674d70814f11fbfb7b673a_sim_001_aspen_arm_wrist_camera_color_optical_frame_depth.png,not_empty,0.4001
4d38cc7b3e674d70814f11fbfb7b673a_sim_001_aspen_arm_wrist_camera_color_optical_frame_rgb.png,not_empty,0.0050
4dbf545347884acd8b335cd814066be5_sim_001_aspen_arm_wrist_camera_color_optical_frame_depth.png,not_empty,0.3927
4dbf545347884acd8b335cd814066be5_sim_001_aspen_arm_wrist_camera_color_optical_frame_rgb.png,not_empty,0.0027
500e484e78c047099cb565cdb4e017d0_sim_001_aspen_arm_wrist_camera_color_optical_frame_depth.png,not_empty,0.3991
500e484e78c047099cb565cdb4e017d0_sim_001_aspen_arm_wrist_camera_color_optical_frame_rgb.png,not_empty,0.0016
52b62cee97a64058856beb699fb0fb93_sim_001_aspen_arm_wrist_camera_color_optical_frame_depth.png,not_empty,0.4150
52b62cee97a64058856beb699fb0fb93_sim_001_aspen_arm_wrist_camera_color_optical_frame_rgb.png,not_empty,0.0770
52db13296b5a4b508077ef9e59ac2771_sim_001_aspen_arm_wrist_camera_color_optical_frame_depth.png,not_empty,0.4014
54fdc3dbdb2d4a5f86ad6bb846006ef2_sim_001_aspen_arm_wrist_camera_color_optical_frame_depth.png,not_empty,0.3599
5567e2f740e741e9a4f5534d4f453bc3_sim_001_aspen_arm_wrist_camera_color_optical_frame_depth.png,not_empty,0.4294
5567e2f740e741e9a4f5534d4f453bc3_sim_001_aspen_arm_wrist_camera_color_optical_frame_rgb.png,not_empty,0.0045
55862c0ae4ae4cb3ae98f7a4ce456f16_sim_001_aspen_arm_wrist_camera_color_optical_frame_depth.png,not_empty,0.3563
55862c0ae4ae4cb3ae98f7a4ce456f16_sim_001_aspen_arm_wrist_camera_color_optical_frame_rgb.png,not_empty,0.0166
55cb2726422c45aa8102f68b08aa2fd8_sim_001_aspen_arm_wrist_camera_color_optical_frame_depth.png,not_empty,0.3068
55cb2726422c45aa8102f68b08aa2fd8_sim_001_aspen_arm_wrist_camera_color_optical_frame_rgb.png,not_empty,0.0010
55da01e708434aaeb5bc4902c0824c6c_sim_001_aspen_arm_wrist_camera_color_optical_frame_depth.png,not_empty,0.3800
56e63e00ff6c4bf39d4a99507f27f0ab_sim_001_aspen_arm_wrist_camera_color_optical_frame_depth.png,not_empty,0.4282
56e63e00ff6c4bf39d4a99507f27f0ab_sim_001_aspen_arm_wrist_camera_color_optical_frame_rgb.png,not_empty,0.0085
583163207948416bb2bfbbc091557900_sim_001_aspen_arm_wrist_camera_color_optical_frame_depth.png,not_empty,0.4066
583163207948416bb2bfbbc091557900_sim_001_aspen_arm_wrist_camera_color_optical_frame_rgb.png,not_empty,0.0026
5fe8133268e64ab48aa7476817678639_sim_001_aspen_arm_wrist_camera_color_optical_frame_depth.png,not_empty,0.3835
5fe8133268e64ab48aa7476817678639_sim_001_aspen_arm_wrist_camera_color_optical_frame_rgb.png,not_empty,0.0074
606d3508884e44b386235805ad78936f_sim_001_aspen_arm_wrist_camera_color_optical_frame_depth.png,not_empty,0.3634
606d3508884e44b386235805ad78936f_sim_001_aspen_arm_wrist_camera_color_optical_frame_rgb.png,not_empty,0.1811
61b908616ca144b4aa7718d7d535ff2a_sim_001_aspen_arm_wrist_camera_color_optical_frame_depth.png,not_empty,0.4344
61b908616ca144b4aa7718d7d535ff2a_sim_001_aspen_arm_wrist_camera_color_optical_frame_rgb.png,not_empty,0.0031
626ae10ec04540a7a447f0960e11ffb0_sim_001_aspen_arm_wrist_camera_color_optical_frame_depth.png,not_empty,0.4155
626ae10ec04540a7a447f0960e11ffb0_sim_001_aspen_arm_wrist_camera_color_optical_frame_rgb.png,not_empty,0.0019
62cf242be8bc490e86ccbe7b7631a2c6_sim_001_aspen_arm_wrist_camera_color_optical_frame_depth.png,not_empty,0.3862
62cf242be8bc490e86ccbe7b7631a2c6_sim_001_aspen_arm_wrist_camera_color_optical_frame_rgb.png,not_empty,0.0034
63d9192a19c94773876fa8868c6a7496_sim_001_aspen_arm_wrist_camera_color_optical_frame_depth.png,not_empty,0.4215
63d9192a19c94773876fa8868c6a7496_sim_001_aspen_arm_wrist_camera_color_optical_frame_rgb.png,not_empty,0.0030
63e3caf027384c468e859d6cc7a66da6_sim_001_aspen_arm_wrist_camera_color_optical_frame_depth.png,not_empty,0.3487
65199604477c4999802704ccf05bae28_sim_001_aspen_arm_wrist_camera_color_optical_frame_depth.png,not_empty,0.3729
65199604477c4999802704ccf05bae28_sim_001_aspen_arm_wrist_camera_color_optical_frame_rgb.png,not_empty,0.0018
66b01409c7c84b35ba47ce169ba6db02_sim_001_aspen_arm_wrist_camera_color_optical_frame_depth.png,not_empty,0.4158
66b01409c7c84b35ba47ce169ba6db02_sim_001_aspen_arm_wrist_camera_color_optical_frame_rgb.png,not_empty,0.0088
66dd09b91b6748b6a225f7cfac6a254d_sim_001_aspen_arm_wrist_camera_color_optical_frame_depth.png,not_empty,0.4025
66dd09b91b6748b6a225f7cfac6a254d_sim_001_aspen_arm_wrist_camera_color_optical_frame_rgb.png,not_empty,0.0015
676e0e6a3da644029e4b8ccdb8ab3339_sim_001_aspen_arm_wrist_camera_color_optical_frame_depth.png,not_empty,0.4049
686865f8726b4c6b871b200173a73352_sim_001_aspen_arm_wrist_camera_color_optical_frame_depth.png,not_empty,0.4050
686865f8726b4c6b871b200173a73352_sim_001_aspen_arm_wrist_camera_color_optical_frame_rgb.png,not_empty,0.0076
6a53e549555442b695f057dca0f1c909_sim_001_aspen_arm_wrist_camera_color_optical_frame_depth.png,not_empty,0.4107
6a53e549555442b695f057dca0f1c909_sim_001_aspen_arm_wrist_camera_color_optical_frame_rgb.png,not_empty,0.0106
6bee60a53af24f5c9477c1d25378c2aa_sim_001_aspen_arm_wrist_camera_color_optical_frame_depth.png,not_empty,0.3915
6c18af4c953f4e2184dddd36a3fc9daf_sim_001_aspen_arm_wrist_camera_color_optical_frame_depth.png,not_empty,0.3922
6c18af4c953f4e2184dddd36a3fc9daf_sim_001_aspen_arm_wrist_camera_color_optical_frame_rgb.png,not_empty,0.0034
6c998009bd4247aea7e4884883915530_sim_001_aspen_arm_wrist_camera_color_optical_frame_depth.png,not_empty,0.4193
6c998009bd4247aea7e4884883915530_sim_001_aspen_arm_wrist_camera_color_optical_frame_rgb.png,not_empty,0.0050
6db1277fecc0488aa9dae8469cdcd5fc_sim_001_aspen_arm_wrist_camera_color_optical_frame_depth.png,not_empty,0.3997
6db1277fecc0488aa9dae8469cdcd5fc_sim_001_aspen_arm_wrist_camera_color_optical_frame_rgb.png,not_empty,0.0582
6f499f8af25644c9b1795e0a233a79a1_sim_001_aspen_arm_wrist_camera_color_optical_frame_depth.png,not_empty,0.4026
704bc6655ed04fbfbbd9460468102ada_sim_001_aspen_arm_wrist_camera_color_optical_frame_depth.png,not_empty,0.4310
704bc6655ed04fbfbbd9460468102ada_sim_001_aspen_arm_wrist_camera_color_optical_frame_rgb.png,not_empty,0.0024
7076464382524ad0b18bc7dc8e8a3d3f_sim_001_aspen_arm_wrist_camera_color_optical_frame_depth.png,not_empty,0.4190
718506b06f7c40b983c9a4c188dac5cc_sim_001_aspen_arm_wrist_camera_color_optical_frame_depth.png,not_empty,0.3830
718506b06f7c40b983c9a4c188dac5cc_sim_001_aspen_arm_wrist_camera_color_optical_frame_rgb.png,not_empty,0.0602
7186c8cb068e4ead9d5abe3adda39037_sim_001_aspen_arm_wrist_camera_color_optical_frame_depth.png,not_empty,0.3776
71ce453c61c94a5ea135b6a5aae81775_sim_001_aspen_arm_wrist_camera_color_optical_frame_depth.png,not_empty,0.3750
71ce453c61c94a5ea135b6a5aae81775_sim_001_aspen_arm_wrist_camera_color_optical_frame_rgb.png,not_empty,0.0235
72cb4c88b5c04e3fa66e89f7ea1ead84_sim_001_aspen_arm_wrist_camera_color_optical_frame_depth.png,not_empty,0.4118
72cb4c88b5c04e3fa66e89f7ea1ead84_sim_001_aspen_arm_wrist_camera_color_optical_frame_rgb.png,not_empty,0.0084
737b0752652044139bb03b815fe33a3a_sim_001_aspen_arm_wrist_camera_color_optical_frame_depth.png,not_empty,0.3974
737b0752652044139bb03b815fe33a3a_sim_001_aspen_arm_wrist_camera_color_optical_frame_rgb.png,not_empty,0.0013
7422aacbb94541b29e276a7693f3b4d9_sim_001_aspen_arm_wrist_camera_color_optical_frame_depth.png,not_empty,0.3605
74259a0f1a034dcba172a69a4bd980c3_sim_001_aspen_arm_wrist_camera_color_optical_frame_depth.png,not_empty,0.3585
75fceb0fb641469ab396201ec4db364c_sim_001_aspen_arm_wrist_camera_color_optical_frame_depth.png,not_empty,0.3828
75fceb0fb641469ab396201ec4db364c_sim_001_aspen_arm_wrist_camera_color_optical_frame_rgb.png,not_empty,0.0005
773f0a92868d4d268eb57adbf9b05919_sim_001_aspen_arm_wrist_camera_color_optical_frame_depth.png,not_empty,0.3786
773f0a92868d4d268eb57adbf9b05919_sim_001_aspen_arm_wrist_camera_color_optical_frame_rgb.png,not_empty,0.0022
793101c196a94ce4b53ad015a77ff5a6_sim_001_aspen_arm_wrist_camera_color_optical_frame_depth.png,not_empty,0.4272
79a5cc28290047eabe6622db7fe66b37_sim_001_aspen_arm_wrist_camera_color_optical_frame_depth.png,not_empty,0.4295
79a5cc28290047eabe6622db7fe66b37_sim_001_aspen_arm_wrist_camera_color_optical_frame_rgb.png,not_empty,0.0042
7c9bca200a3a4d578d8cb90388eda2b1_sim_001_aspen_arm_wrist_camera_color_optical_frame_depth.png,not_empty,0.3798
7cb348022410407da63d84b61cf7d9e5_sim_001_aspen_arm_wrist_camera_color_optical_frame_depth.png,not_empty,0.4127
7cb348022410407da63d84b61cf7d9e5_sim_001_aspen_arm_wrist_camera_color_optical_frame_rgb.png,not_empty,0.0065
7d1ae275bfdb40639cfada1d06a7baae_sim_001_aspen_arm_wrist_camera_color_optical_frame_depth.png,not_empty,0.4256
7d1ae275bfdb40639cfada1d06a7baae_sim_001_aspen_arm_wrist_camera_color_optical_frame_rgb.png,not_empty,0.0010
7f8706be693f4a599fe0e23049009a78_sim_001_aspen_arm_wrist_camera_color_optical_frame_depth.png,not_empty,0.3865
7f8706be693f4a599fe0e23049009a78_sim_001_aspen_arm_wrist_camera_color_optical_frame_rgb.png,not_empty,0.0008
8067247d11b04d93a5e4b86182b53fc0_sim_001_aspen_arm_wrist_camera_color_optical_frame_depth.png,not_empty,0.3957
8067247d11b04d93a5e4b86182b53fc0_sim_001_aspen_arm_wrist_camera_color_optical_frame_rgb.png,not_empty,0.0023
81411827b4ac4dc5bfb9aef2c473e1c5_sim_001_aspen_arm_wrist_camera_color_optical_frame_depth.png,not_empty,0.4031
81411827b4ac4dc5bfb9aef2c473e1c5_sim_001_aspen_arm_wrist_camera_color_optical_frame_rgb.png,not_empty,0.0027
82af03a4ff3541fcbbca74f900297806_sim_001_aspen_arm_wrist_camera_color_optical_frame_depth.png,not_empty,0.4312
82af03a4ff3541fcbbca74f900297806_sim_001_aspen_arm_wrist_camera_color_optical_frame_rgb.png,not_empty,0.0029
838886959296484a8b957d1bd1a5cdc5_sim_001_aspen_arm_wrist_camera_color_optical_frame_depth.png,not_empty,0.3807
838886959296484a8b957d1bd1a5cdc5_sim_001_aspen_arm_wrist_camera_color_optical_frame_rgb.png,not_empty,0.0134
8404740cd3a644149ca0c87240395c29_sim_001_aspen_arm_wrist_camera_color_optical_frame_depth.png,not_empty,0.3691
84a436527f914540955e7f7a2eeb5a8f_sim_001_aspen_arm_wrist_camera_color_optical_frame_depth.png,not_empty,0.3760
84a436527f914540955e7f7a2eeb5a8f_sim_001_aspen_arm_wrist_camera_color_optical_frame_rgb.png,not_empty,0.0022
86d06a853c64447392755fb51c213b64_sim_001_aspen_arm_wrist_camera_color_optical_frame_depth.png,not_empty,0.3551
87a23ec699734996980a4f6085de7d4f_sim_001_aspen_arm_wrist_camera_color_optical_frame_depth.png,not_empty,0.4011
87a23ec699734996980a4f6085de7d4f_sim_001_aspen_arm_wrist_camera_color_optical_frame_rgb.png,not_empty,0.0020
87d251cfd2934916a87ae5ea281652ec_sim_001_aspen_arm_wrist_camera_color_optical_frame_depth.png,not_empty,0.3850
89edac89f74e44be8f0e649fceece530_sim_001_aspen_arm_wrist_camera_color_optical_frame_depth.png,not_empty,0.3703
89edac89f74e44be8f0e649fceece530_sim_001_aspen_arm_wrist_camera_color_optical_frame_rgb.png,not_empty,0.0022
8a1efca956c846b8ac13382a73ffd9d4_sim_001_aspen_arm_wrist_camera_color_optical_frame_depth.png,not_empty,0.3851
8b1a5fdb736b482da241cd411981f575_sim_001_aspen_arm_wrist_camera_color_optical_frame_depth.png,not_empty,0.3676
8b286d668fb943ef9caffc920c0c770c_sim_001_aspen_arm_wrist_camera_color_optical_frame_depth.png,not_empty,0.4201
8b286d668fb943ef9caffc920c0c770c_sim_001_aspen_arm_wrist_camera_color_optical_frame_rgb.png,not_empty,0.0031
8e2434d2700640c8a9aab046a3191f1b_sim_001_aspen_arm_wrist_camera_color_optical_frame_depth.png,not_empty,0.4088
8e2434d2700640c8a9aab046a3191f1b_sim_001_aspen_arm_wrist_camera_color_optical_frame_rgb.png,not_empty,0.0132
8e973c91014e45a28eeca7970254057a_sim_001_aspen_arm_wrist_camera_color_optical_frame_depth.png,not_empty,0.3696
8e973c91014e45a28eeca7970254057a_sim_001_aspen_arm_wrist_camera_color_optical_frame_rgb.png,not_empty,0.0045
8eb3fb2a46d64e9d874f798d854ada6f_sim_001_aspen_arm_wrist_camera_color_optical_frame_depth.png,not_empty,0.4132
8eb3fb2a46d64e9d874f798d854ada6f_sim_001_aspen_arm_wrist_camera_color_optical_frame_rgb.png,not_empty,0.0032
8f655eee4e3c4686b178df6d7d86e765_sim_001_aspen_arm_wrist_camera_color_optical_frame_depth.png,not_empty,0.3660
8fd38bbc88664ad5968ec67fb0400bf2_sim_001_aspen_arm_wrist_camera_color_optical_frame_depth.png,not_empty,0.4098
909b44540e3249fb9e06095db6f9d4be_sim_001_aspen_arm_wrist_camera_color_optical_frame_depth.png,not_empty,0.4163
909b44540e3249fb9e06095db6f9d4be_sim_001_aspen_arm_wrist_camera_color_optical_frame_rgb.png,not_empty,0.0289
92a319ada8824453989183bb5e5e9880_sim_001_aspen_arm_wrist_camera_color_optical_frame_depth.png,not_empty,0.3751
92a319ada8824453989183bb5e5e9880_sim_001_aspen_arm_wrist_camera_color_optical_frame_rgb.png,not_empty,0.0014
95d69ab30a2543a78cef9a129dc4780f_sim_001_aspen_arm_wrist_camera_color_optical_frame_depth.png,not_empty,0.3904
95d69ab30a2543a78cef9a129dc4780f_sim_001_aspen_arm_wrist_camera_color_optical_frame_rgb.png,not_empty,0.0010
968e57831bf8437594adc0cb8c1ac701_sim_001_aspen_arm_wrist_camera_color_optical_frame_depth.png,not_empty,0.3949
96f43d6c531c4ef0abeec1d1ba46b5a4_sim_001_aspen_arm_wrist_camera_color_optical_frame_depth.png,not_empty,0.4059
97bf01d554fd45cdae66b5e58b19ef36_sim_001_aspen_arm_wrist_camera_color_optical_frame_depth.png,not_empty,0.3879
9ad61f768f2c4b28b69fb186b17c89aa_sim_001_aspen_arm_wrist_camera_color_optical_frame_depth.png,not_empty,0.4170
9ad61f768f2c4b28b69fb186b17c89aa_sim_001_aspen_arm_wrist_camera_color_optical_frame_rgb.png,not_empty,0.0006
9b37e53a7b824ad58dc148afee2aaa39_sim_001_aspen_arm_wrist_camera_color_optical_frame_depth.png,not_empty,0.3918
9e11f549152e44ca808ef60e5d380da4_sim_001_aspen_arm_wrist_camera_color_optical_frame_depth.png,not_empty,0.3901
9e11f549152e44ca808ef60e5d380da4_sim_001_aspen_arm_wrist_camera_color_optical_frame_rgb.png,not_empty,0.0008
9e78b53f869d4f7d81767df1df654865_sim_001_aspen_arm_wrist_camera_color_optical_frame_depth.png,not_empty,0.3939
9e828d5680a048539cc889517ce8ad0f_sim_001_aspen_arm_wrist_camera_color_optical_frame_depth.png,not_empty,0.3630
9e828d5680a048539cc889517ce8ad0f_sim_001_aspen_arm_wrist_camera_color_optical_frame_rgb.png,not_empty,0.0016
9eb4bff832a4475f900a884110912e55_sim_001_aspen_arm_wrist_camera_color_optical_frame_depth.png,not_empty,0.4096
9eb4bff832a4475f900a884110912e55_sim_001_aspen_arm_wrist_camera_color_optical_frame_rgb.png,not_empty,0.0039
9f5fb9e01674461cb6cafeee7e935306_sim_001_aspen_arm_wrist_camera_color_optical_frame_depth.png,not_empty,0.3603
a19d51409dbb48e98e7bf653173ce44f_sim_001_aspen_arm_wrist_camera_color_optical_frame_depth.png,not_empty,0.4072
a19d51409dbb48e98e7bf653173ce44f_sim_001_aspen_arm_wrist_camera_color_optical_frame_rgb.png,not_empty,0.0015
a202bc6c40d54683931ef640aab62a8c_sim_001_aspen_arm_wrist_camera_color_optical_frame_depth.png,not_empty,0.4094
a202bc6c40d54683931ef640aab62a8c_sim_001_aspen_arm_wrist_camera_color_optical_frame_rgb.png,not_empty,0.0012
a2d1ff3bcb5c464f84992933827a58b9_sim_001_aspen_arm_wrist_camera_color_optical_frame_depth.png,not_empty,0.4056
a2d1ff3bcb5c464f84992933827a58b9_sim_001_aspen_arm_wrist_camera_color_optical_frame_rgb.png,not_empty,0.0093
a3dbb082fd194fda953c872a606f0e33_sim_001_aspen_arm_wrist_camera_color_optical_frame_depth.png,not_empty,0.3429
a44d4df3484c4f5caeca2061bc044356_sim_001_aspen_arm_wrist_camera_color_optical_frame_depth.png,not_empty,0.4041
a4ca68cbde47462793d5964916505ab0_sim_001_aspen_arm_wrist_camera_color_optical_frame_depth.png,not_empty,0.3358
a539d7e6840b404db17a13d34d686134_sim_001_aspen_arm_wrist_camera_color_optical_frame_depth.png,not_empty,0.3580
a539d7e6840b404db17a13d34d686134_sim_001_aspen_arm_wrist_camera_color_optical_frame_rgb.png,not_empty,0.0461
a75eca7b8b53484fb5c7d0dbb6ea1b05_sim_001_aspen_arm_wrist_camera_color_optical_frame_depth.png,not_empty,0.4101
a75eca7b8b53484fb5c7d0dbb6ea1b05_sim_001_aspen_arm_wrist_camera_color_optical_frame_rgb.png,not_empty,0.0086
a91a3a0b64f74cf4bf2c397647638310_sim_001_aspen_arm_wrist_camera_color_optical_frame_depth.png,not_empty,0.3694
a949bc5392664136a4ea42d35247ed0c_sim_001_aspen_arm_wrist_camera_color_optical_frame_depth.png,not_empty,0.3988
aae887ab86484b2db97bb92b2403ab1b_sim_001_aspen_arm_wrist_camera_color_optical_frame_depth.png,not_empty,0.3901
aae887ab86484b2db97bb92b2403ab1b_sim_001_aspen_arm_wrist_camera_color_optical_frame_rgb.png,not_empty,0.0111
ab423e8ce15e4b5c98b86f24c01b47a3_sim_001_aspen_arm_wrist_camera_color_optical_frame_depth.png,not_empty,0.3779
ab59ffa309f74c9fa3e6a92416043e0b_sim_001_aspen_arm_wrist_camera_color_optical_frame_depth.png,not_empty,0.4265
ab59ffa309f74c9fa3e6a92416043e0b_sim_001_aspen_arm_wrist_camera_color_optical_frame_rgb.png,not_empty,0.0051
ab87d65af7a34baa938d3e1230e519a4_sim_001_aspen_arm_wrist_camera_color_optical_frame_depth.png,not_empty,0.4200
ab87d65af7a34baa938d3e1230e519a4_sim_001_aspen_arm_wrist_camera_color_optical_frame_rgb.png,not_empty,0.0021
ae74f1a994d24a2ab33263962bcf052d_sim_001_aspen_arm_wrist_camera_color_optical_frame_depth.png,not_empty,0.3636
afe0db05d30f455faf51540c991a7923_sim_001_aspen_arm_wrist_camera_color_optical_frame_depth.png,not_empty,0.3746
afe0db05d30f455faf51540c991a7923_sim_001_aspen_arm_wrist_camera_color_optical_frame_rgb.png,not_empty,0.0103
aff5132153dc4c4f98b32031f3c2560a_sim_001_aspen_arm_wrist_camera_color_optical_frame_depth.png,not_empty,0.3997
b00e5504f39f45e8ada3aabd6f738d7e_sim_001_aspen_arm_wrist_camera_color_optical_frame_depth.png,not_empty,0.4106
b00e5504f39f45e8ada3aabd6f738d7e_sim_001_aspen_arm_wrist_camera_color_optical_frame_rgb.png,not_empty,0.0071
b02bdb80ac1a435a9fafb23ade2ebaf6_sim_001_aspen_arm_wrist_camera_color_optical_frame_depth.png,not_empty,0.3954
b02bdb80ac1a435a9fafb23ade2ebaf6_sim_001_aspen_arm_wrist_camera_color_optical_frame_rgb.png,not_empty,0.0128
b0b28b0f7f6244719fb785e3c43eb03d_sim_001_aspen_arm_wrist_camera_color_optical_frame_depth.png,not_empty,0.4219
b128397387aa4094b65f0998df8af29b_sim_001_aspen_arm_wrist_camera_color_optical_frame_depth.png,not_empty,0.4040
b128397387aa4094b65f0998df8af29b_sim_001_aspen_arm_wrist_camera_color_optical_frame_rgb.png,not_empty,0.0031
b3b42ec56e04498885aa24e85546ce1c_sim_001_aspen_arm_wrist_camera_color_optical_frame_depth.png,not_empty,0.3747
b40b81bad35c4ff485ace8d11bea33a8_sim_001_aspen_arm_wrist_camera_color_optical_frame_depth.png,not_empty,0.3688
b40b81bad35c4ff485ace8d11bea33a8_sim_001_aspen_arm_wrist_camera_color_optical_frame_rgb.png,not_empty,0.0021
b456398f18574676afe561a345527664_sim_001_aspen_arm_wrist_camera_color_optical_frame_depth.png,not_empty,0.3982
b456398f18574676afe561a345527664_sim_001_aspen_arm_wrist_camera_color_optical_frame_rgb.png,not_empty,0.0045
b51e8d10493e482ea71819fdcc36655f_sim_001_aspen_arm_wrist_camera_color_optical_frame_depth.png,not_empty,0.3831
b51e8d10493e482ea71819fdcc36655f_sim_001_aspen_arm_wrist_camera_color_optical_frame_rgb.png,not_empty,0.0005
b58ce4ce2ff947e19e8326757b7ebfca_sim_001_aspen_arm_wrist_camera_color_optical_frame_depth.png,not_empty,0.3805
b58ce4ce2ff947e19e8326757b7ebfca_sim_001_aspen_arm_wrist_camera_color_optical_frame_rgb.png,not_empty,0.0017
bb5d41b338d94316b00a10174d961156_sim_001_aspen_arm_wrist_camera_color_optical_frame_depth.png,not_empty,0.3749
bb5d41b338d94316b00a10174d961156_sim_001_aspen_arm_wrist_camera_color_optical_frame_rgb.png,not_empty,0.0301
bba16845e7544eb6b0864da081894e86_sim_001_aspen_arm_wrist_camera_color_optical_frame_depth.png,not_empty,0.4031
bba16845e7544eb6b0864da081894e86_sim_001_aspen_arm_wrist_camera_color_optical_frame_rgb.png,not_empty,0.0033
bc014509f8274920a199569805bfa312_sim_001_aspen_arm_wrist_camera_color_optical_frame_depth.png,not_empty,0.4168
bc014509f8274920a199569805bfa312_sim_001_aspen_arm_wrist_camera_color_optical_frame_rgb.png,not_empty,0.0263
bc8efce97b1f4cdeb086aca3c04fc59d_sim_001_aspen_arm_wrist_camera_color_optical_frame_depth.png,not_empty,0.3977
bd9d9aac71fb469b99adea6df9c780dd_sim_001_aspen_arm_wrist_camera_color_optical_frame_depth.png,not_empty,0.4284
bd9d9aac71fb469b99adea6df9c780dd_sim_001_aspen_arm_wrist_camera_color_optical_frame_rgb.png,not_empty,0.0069
be3ea7a385144bf8bf324f2d0fd1560d_sim_001_aspen_arm_wrist_camera_color_optical_frame_depth.png,not_empty,0.3856
be3ea7a385144bf8bf324f2d0fd1560d_sim_001_aspen_arm_wrist_camera_color_optical_frame_rgb.png,not_empty,0.0146
bfa924d0cc274b2f8850f0c966e64081_sim_001_aspen_arm_wrist_camera_color_optical_frame_depth.png,not_empty,0.4051
bfa924d0cc274b2f8850f0c966e64081_sim_001_aspen_arm_wrist_camera_color_optical_frame_rgb.png,not_empty,0.0015
c035d81b8456474983ec2afec94b70ae_sim_001_aspen_arm_wrist_camera_color_optical_frame_depth.png,not_empty,0.4273
c035d81b8456474983ec2afec94b70ae_sim_001_aspen_arm_wrist_camera_color_optical_frame_rgb.png,not_empty,0.0013
c18bf18bbc064291ade9070e18d5e659_sim_001_aspen_arm_wrist_camera_color_optical_frame_depth.png,not_empty,0.3715
c18bf18bbc064291ade9070e18d5e659_sim_001_aspen_arm_wrist_camera_color_optical_frame_rgb.png,not_empty,0.0054
c39cdc410061479facfa06c19d0a2cee_sim_001_aspen_arm_wrist_camera_color_optical_frame_depth.png,not_empty,0.3667
c39cdc410061479facfa06c19d0a2cee_sim_001_aspen_arm_wrist_camera_color_optical_frame_rgb.png,not_empty,0.0013
c4a6383551424593af4e0832564de935_sim_001_aspen_arm_wrist_camera_color_optical_frame_depth.png,not_empty,0.4256
c54fcaa9689646a1ad04ec4e68166f02_sim_001_aspen_arm_wrist_camera_color_optical_frame_depth.png,not_empty,0.4096
c54fcaa9689646a1ad04ec4e68166f02_sim_001_aspen_arm_wrist_camera_color_optical_frame_rgb.png,not_empty,0.0019
c584c186b6af42288786f1e62a11ae11_sim_001_aspen_arm_wrist_camera_color_optical_frame_depth.png,not_empty,0.3873
c6055be6c0a248daaa99ac541be37d66_sim_001_aspen_arm_wrist_camera_color_optical_frame_depth.png,not_empty,0.3722
c6055be6c0a248daaa99ac541be37d66_sim_001_aspen_arm_wrist_camera_color_optical_frame_rgb.png,not_empty,0.0165
c610a3aaa4b14459918e3669b5df0f3d_sim_001_aspen_arm_wrist_camera_color_optical_frame_depth.png,not_empty,0.4031
c610a3aaa4b14459918e3669b5df0f3d_sim_001_aspen_arm_wrist_camera_color_optical_frame_rgb.png,not_empty,0.0015
c6b731e7f7b043cfb490a6c9e832d45a_sim_001_aspen_arm_wrist_camera_color_optical_frame_depth.png,not_empty,0.3848
c73abe855baa4c818f969fec8f7b4160_sim_001_aspen_arm_wrist_camera_color_optical_frame_depth.png,not_empty,0.4025
c73abe855baa4c818f969fec8f7b4160_sim_001_aspen_arm_wrist_camera_color_optical_frame_rgb.png,not_empty,0.0041
c7e6bae4218c457eb583d0b3a66de899_sim_001_aspen_arm_wrist_camera_color_optical_frame_depth.png,not_empty,0.3800
c7e6bae4218c457eb583d0b3a66de899_sim_001_aspen_arm_wrist_camera_color_optical_frame_rgb.png,not_empty,0.0056
c8a3c55c760a47689554513349602809_sim_001_aspen_arm_wrist_camera_color_optical_frame_depth.png,not_empty,0.3473
c8a3c55c760a47689554513349602809_sim_001_aspen_arm_wrist_camera_color_optical_frame_rgb.png,not_empty,0.0024
c94827fa70f04d0d9643bf7e3681b072_sim_001_aspen_arm_wrist_camera_color_optical_frame_depth.png,not_empty,0.4034
c94827fa70f04d0d9643bf7e3681b072_sim_001_aspen_arm_wrist_camera_color_optical_frame_rgb.png,not_empty,0.0010
c97e17e470734781a49abe9acf5e5eb0_sim_001_aspen_arm_wrist_camera_color_optical_frame_depth.png,not_empty,0.3781
c97e17e470734781a49abe9acf5e5eb0_sim_001_aspen_arm_wrist_camera_color_optical_frame_rgb.png,not_empty,0.0012
ca67c0912c374e4b847512f13697e3bc_sim_001_aspen_arm_wrist_camera_color_optical_frame_depth.png,not_empty,0.3178
ca67c0912c374e4b847512f13697e3bc_sim_001_aspen_arm_wrist_camera_color_optical_frame_rgb.png,not_empty,0.0047
ca83ac54a1004e8fb206c940ed5284c9_sim_001_aspen_arm_wrist_camera_color_optical_frame_depth.png,not_empty,0.3780
ca83ac54a1004e8fb206c940ed5284c9_sim_001_aspen_arm_wrist_camera_color_optical_frame_rgb.png,not_empty,0.0013
caa6bb78213249caa7aa965db1031a74_sim_001_aspen_arm_wrist_camera_color_optical_frame_depth.png,not_empty,0.4285
caa6bb78213249caa7aa965db1031a74_sim_001_aspen_arm_wrist_camera_color_optical_frame_rgb.png,not_empty,0.0010
cd43d04b234f4f6d9073014f104c1c2e_sim_001_aspen_arm_wrist_camera_color_optical_frame_depth.png,not_empty,0.3318
d02a80cad0e1494b82bb6be372defdda_sim_001_aspen_arm_wrist_camera_color_optical_frame_depth.png,not_empty,0.3882
d02a80cad0e1494b82bb6be372defdda_sim_001_aspen_arm_wrist_camera_color_optical_frame_rgb.png,not_empty,0.0011
d02c91e09f4048f59ac10c7494f14e12_sim_001_aspen_arm_wrist_camera_color_optical_frame_depth.png,not_empty,0.4009
d02c91e09f4048f59ac10c7494f14e12_sim_001_aspen_arm_wrist_camera_color_optical_frame_rgb.png,not_empty,0.0021
d11e059b80f84eaeab834a95b5855f81_sim_001_aspen_arm_wrist_camera_color_optical_frame_depth.png,not_empty,0.4118
d11e059b80f84eaeab834a95b5855f81_sim_001_aspen_arm_wrist_camera_color_optical_frame_rgb.png,not_empty,0.0094
d1e61be267f3458c8d0598e9ea31dcb3_sim_001_aspen_arm_wrist_camera_color_optical_frame_depth.png,not_empty,0.4060
d1e61be267f3458c8d0598e9ea31dcb3_sim_001_aspen_arm_wrist_camera_color_optical_frame_rgb.png,not_empty,0.0013
d36a0fd2039c4e2fbcc2ab1b6eea61a0_sim_001_aspen_arm_wrist_camera_color_optical_frame_depth.png,not_empty,0.3792
d36a0fd2039c4e2fbcc2ab1b6eea61a0_sim_001_aspen_arm_wrist_camera_color_optical_frame_rgb.png,not_empty,0.0130
d43feb6482c44f698072ddedbbf4c887_sim_001_aspen_arm_wrist_camera_color_optical_frame_depth.png,not_empty,0.3989
d43feb6482c44f698072ddedbbf4c887_sim_001_aspen_arm_wrist_camera_color_optical_frame_rgb.png,not_empty,0.0034
d44ba6cedafc4f4db2ce1038558d1e22_sim_001_aspen_arm_wrist_camera_color_optical_frame_depth.png,not_empty,0.3798
d44ba6cedafc4f4db2ce1038558d1e22_sim_001_aspen_arm_wrist_camera_color_optical_frame_rgb.png,not_empty,0.0034
d54e09c98bc24d118ae69251e851618b_sim_001_aspen_arm_wrist_camera_color_optical_frame_depth.png,not_empty,0.3969
d54e09c98bc24d118ae69251e851618b_sim_001_aspen_arm_wrist_camera_color_optical_frame_rgb.png,not_empty,0.1477
d644be526c2d4bfc941f51a8d6b0b969_sim_001_aspen_arm_wrist_camera_color_optical_frame_depth.png,not_empty,0.4528
d644be526c2d4bfc941f51a8d6b0b969_sim_001_aspen_arm_wrist_camera_color_optical_frame_rgb.png,not_empty,0.0016
d6abe750d944432f9bc4c090f06d174b_sim_001_aspen_arm_wrist_camera_color_optical_frame_depth.png,not_empty,0.3045
d6ba23c9f8534cdd8a79577eb3464376_sim_001_aspen_arm_wrist_camera_color_optical_frame_depth.png,not_empty,0.4073
d6ba23c9f8534cdd8a79577eb3464376_sim_001_aspen_arm_wrist_camera_color_optical_frame_rgb.png,not_empty,0.0020
d91a81847aa24ae8b613e56046e5c068_sim_001_aspen_arm_wrist_camera_color_optical_frame_depth.png,not_empty,0.3844
d9549440341b4315801d575e9e1b9b29_sim_001_aspen_arm_wrist_camera_color_optical_frame_depth.png,not_empty,0.4001
d9549440341b4315801d575e9e1b9b29_sim_001_aspen_arm_wrist_camera_color_optical_frame_rgb.png,not_empty,0.0014
db0f6147317845d1b6a44c18f9bd3c4b_sim_001_aspen_arm_wrist_camera_color_optical_frame_depth.png,not_empty,0.4240
db0f6147317845d1b6a44c18f9bd3c4b_sim_001_aspen_arm_wrist_camera_color_optical_frame_rgb.png,not_empty,0.0020
db29d7d3929e478fb3b297c0c9959678_sim_001_aspen_arm_wrist_camera_color_optical_frame_depth.png,not_empty,0.4183
db29d7d3929e478fb3b297c0c9959678_sim_001_aspen_arm_wrist_camera_color_optical_frame_rgb.png,not_empty,0.0013
dbc1244544084cd69adbea15ccafaaef_sim_001_aspen_arm_wrist_camera_color_optical_frame_depth.png,not_empty,0.4014
dbc1244544084cd69adbea15ccafaaef_sim_001_aspen_arm_wrist_camera_color_optical_frame_rgb.png,not_empty,0.0018
dc2d0562b85f48158ecc22ae79c439d5_sim_001_aspen_arm_wrist_camera_color_optical_frame_depth.png,not_empty,0.3819
dc2d0562b85f48158ecc22ae79c439d5_sim_001_aspen_arm_wrist_camera_color_optical_frame_rgb.png,not_empty,0.0109
de428386a028473e9f13e828cce467da_sim_001_aspen_arm_wrist_camera_color_optical_frame_depth.png,not_empty,0.3748
de428386a028473e9f13e828cce467da_sim_001_aspen_arm_wrist_camera_color_optical_frame_rgb.png,not_empty,0.2489
deb95d6374e14e259cfee4645f1f71c7_sim_001_aspen_arm_wrist_camera_color_optical_frame_depth.png,not_empty,0.4020
deb95d6374e14e259cfee4645f1f71c7_sim_001_aspen_arm_wrist_camera_color_optical_frame_rgb.png,not_empty,0.0005
df2166e4d02b43a3a109bd07220b8f7d_sim_001_aspen_arm_wrist_camera_color_optical_frame_depth.png,not_empty,0.4030
df2166e4d02b43a3a109bd07220b8f7d_sim_001_aspen_arm_wrist_camera_color_optical_frame_rgb.png,not_empty,0.0005
e0a9dded98b641a2b4b6a6966b9bfb9c_sim_001_aspen_arm_wrist_camera_color_optical_frame_depth.png,not_empty,0.4027
e0a9dded98b641a2b4b6a6966b9bfb9c_sim_001_aspen_arm_wrist_camera_color_optical_frame_rgb.png,not_empty,0.0006
e1482b5cff2941ad916ab72ec3d6b0fa_sim_001_aspen_arm_wrist_camera_color_optical_frame_depth.png,not_empty,0.4212
e1482b5cff2941ad916ab72ec3d6b0fa_sim_001_aspen_arm_wrist_camera_color_optical_frame_rgb.png,not_empty,0.0023
e2b523da24a14812af34e6f0abce7cde_sim_001_aspen_arm_wrist_camera_color_optical_frame_depth.png,not_empty,0.4072
e2b523da24a14812af34e6f0abce7cde_sim_001_aspen_arm_wrist_camera_color_optical_frame_rgb.png,not_empty,0.0038
e42c666b7f80417cbabe477dc16e598c_sim_001_aspen_arm_wrist_camera_color_optical_frame_depth.png,not_empty,0.3743
e42c666b7f80417cbabe477dc16e598c_sim_001_aspen_arm_wrist_camera_color_optical_frame_rgb.png,not_empty,0.0053
e447a318471245eabe8583e00416f36a_sim_001_aspen_arm_wrist_camera_color_optical_frame_depth.png,not_empty,0.4337
e447a318471245eabe8583e00416f36a_sim_001_aspen_arm_wrist_camera_color_optical_frame_rgb.png,not_empty,0.0076
e46fbab27e0a4f02bde8146d3244c205_sim_001_aspen_arm_wrist_camera_color_optical_frame_depth.png,not_empty,0.4092
e46fbab27e0a4f02bde8146d3244c205_sim_001_aspen_arm_wrist_camera_color_optical_frame_rgb.png,not_empty,0.0005
e49b8bc10a49468d8e7486643c393634_sim_001_aspen_arm_wrist_camera_color_optical_frame_depth.png,not_empty,0.4275
e4e07aafbb394fa1b12475d0287806e6_sim_001_aspen_arm_wrist_camera_color_optical_frame_depth.png,not_empty,0.4158
e4e07aafbb394fa1b12475d0287806e6_sim_001_aspen_arm_wrist_camera_color_optical_frame_rgb.png,not_empty,0.0014
e5f19008e46f40b5aaf4d13e7e829955_sim_001_aspen_arm_wrist_camera_color_optical_frame_depth.png,not_empty,0.4260
e5f19008e46f40b5aaf4d13e7e829955_sim_001_aspen_arm_wrist_camera_color_optical_frame_rgb.png,not_empty,0.0009
e6defdc9093d40f1a469005af0af47ff_sim_001_aspen_arm_wrist_camera_color_optical_frame_depth.png,not_empty,0.4257
e6defdc9093d40f1a469005af0af47ff_sim_001_aspen_arm_wrist_camera_color_optical_frame_rgb.png,not_empty,0.0014
e7f14b9bb13f45a48b416cc0a90f6761_sim_001_aspen_arm_wrist_camera_color_optical_frame_depth.png,not_empty,0.3744
ed5fc1dc83084a98a0a8aaf743d7901e_sim_001_aspen_arm_wrist_camera_color_optical_frame_depth.png,not_empty,0.4333
ed5fc1dc83084a98a0a8aaf743d7901e_sim_001_aspen_arm_wrist_camera_color_optical_frame_rgb.png,not_empty,0.0011
efccdee3afb64e6c87839fa1a2f8d313_sim_001_aspen_arm_wrist_camera_color_optical_frame_depth.png,not_empty,0.4129
efccdee3afb64e6c87839fa1a2f8d313_sim_001_aspen_arm_wrist_camera_color_optical_frame_rgb.png,not_empty,0.0006
f277f63b47f94adeb16c439b0adf5883_sim_001_aspen_arm_wrist_camera_color_optical_frame_depth.png,not_empty,0.4020
f277f63b47f94adeb16c439b0adf5883_sim_001_aspen_arm_wrist_camera_color_optical_frame_rgb.png,not_empty,0.0173
f4b4bf1d79a54b3f96ac9c32c8570f5c_sim_001_aspen_arm_wrist_camera_color_optical_frame_depth.png,not_empty,0.3893
f4b4bf1d79a54b3f96ac9c32c8570f5c_sim_001_aspen_arm_wrist_camera_color_optical_frame_rgb.png,not_empty,0.0069
f594baef4a9449b297d532f8f05586c2_sim_001_aspen_arm_wrist_camera_color_optical_frame_depth.png,not_empty,0.4240
f594baef4a9449b297d532f8f05586c2_sim_001_aspen_arm_wrist_camera_color_optical_frame_rgb.png,not_empty,0.0016
f6311dbedb2c40daa7d869a613485650_sim_001_aspen_arm_wrist_camera_color_optical_frame_depth.png,not_empty,0.3703
f6311dbedb2c40daa7d869a613485650_sim_001_aspen_arm_wrist_camera_color_optical_frame_rgb.png,not_empty,0.0022
f6697d9e5f5640e4b32132fddc691e88_sim_001_aspen_arm_wrist_camera_color_optical_frame_depth.png,not_empty,0.3939
f6697d9e5f5640e4b32132fddc691e88_sim_001_aspen_arm_wrist_camera_color_optical_frame_rgb.png,not_empty,0.0035
f7e559f32e0b4cd19ae96d1e4b03f490_sim_001_aspen_arm_wrist_camera_color_optical_frame_depth.png,not_empty,0.3650
f7e559f32e0b4cd19ae96d1e4b03f490_sim_001_aspen_arm_wrist_camera_color_optical_frame_rgb.png,not_empty,0.0343
f7ee77288d564ccb9578686a26043659_sim_001_aspen_arm_wrist_camera_color_optical_frame_depth.png,not_empty,0.3717
f831e23c50c44b02b288a81c22877a03_sim_001_aspen_arm_wrist_camera_color_optical_frame_depth.png,not_empty,0.3804
f847772fd1c44c758d6879ae5cc85248_sim_001_aspen_arm_wrist_camera_color_optical_frame_depth.png,not_empty,0.3732
f847772fd1c44c758d6879ae5cc85248_sim_001_aspen_arm_wrist_camera_color_optical_frame_rgb.png,not_empty,0.0192
fa88cd47e8424462b526210b1f07231c_sim_001_aspen_arm_wrist_camera_color_optical_frame_depth.png,not_empty,0.3944
fa88cd47e8424462b526210b1f07231c_sim_001_aspen_arm_wrist_camera_color_optical_frame_rgb.png,not_empty,0.0026
faf72e0b5740436b8c7a0b7a002cecc1_sim_001_aspen_arm_wrist_camera_color_optical_frame_depth.png,not_empty,0.4011
faf72e0b5740436b8c7a0b7a002cecc1_sim_001_aspen_arm_wrist_camera_color_optical_frame_rgb.png,not_empty,0.0117
fc343b3c5a1f40618986739be89d43a1_sim_001_aspen_arm_wrist_camera_color_optical_frame_depth.png,not_empty,0.3608
fc343b3c5a1f40618986739be89d43a1_sim_001_aspen_arm_wrist_camera_color_optical_frame_rgb.png,not_empty,0.0333
fd6e12f0315a435f946d025132661c28_sim_001_aspen_arm_wrist_camera_color_optical_frame_depth.png,not_empty,0.4161
fd6e12f0315a435f946d025132661c28_sim_001_aspen_arm_wrist_camera_color_optical_frame_rgb.png,not_empty,0.0011
fe1f805bbcfc4ac296a86258f24f44c7_sim_001_aspen_arm_wrist_camera_color_optical_frame_depth.png,not_empty,0.3386
fee1b9f6e5284d5ca5c4a4a9b7e79714_sim_001_aspen_arm_wrist_camera_color_optical_frame_depth.png,not_empty,0.3742
fee1b9f6e5284d5ca5c4a4a9b7e79714_sim_001_aspen_arm_wrist_camera_color_optical_frame_rgb.png,not_empty,0.0017
ffbf3c41a231479f8b0bf9f3f96d228c_sim_001_aspen_arm_wrist_camera_color_optical_frame_depth.png,not_empty,0.3957
ffbf3c41a231479f8b0bf9f3f96d228c_sim_001_aspen_arm_wrist_camera_color_optical_frame_rgb.png,not_empty,0.0007
